tarih,ürün,bölge,satış_temsilcisi,miktar,birim_fiyat,indirim_oranı,toplam_satış
2023-04-13,Monitor,Antalya,Mehmet Kaya,8,1217.3840441842215,0.04680559213273095,9283.229305145922
2024-04-11,Phone,İzmir,Mehmet Kaya,4,328.5902949477845,0.19526654188465586,1057.7104174258861
2023-11-05,Mouse,Bursa,Ayşe Demir,1,643.2723737710986,0.15742692948967135,542.0039791427824
2024-07-14,Keyboard,İzmir,Ayşe Demir,16,503.90411383909327,0.02718193035984624,7843.312436938863
2024-07-16,Monitor,Bursa,Ali Yılmaz,3,1726.883793135825,0.2040922615763339,4123.32052294565
2023-06-16,Mouse,Bursa,Ali Yılmaz,14,1626.3748288270992,0.0913841307520112,20688.49970344897
2024-07-18,Mouse,Bursa,Fatma Özkan,15,1382.3638617096435,0.18299899733478628,16940.889915974032
2023-02-04,Tablet,İstanbul,Fatma Özkan,18,1341.9184544902648,0.09351332282682329,21895.76161526841
2024-01-25,Tablet,Ankara,Fatma Özkan,18,1561.5090055541734,0.28184968246925673,20185.16738698521
2023-09-27,Phone,Bursa,Ali Yılmaz,8,1696.8410049223953,0.22419603304121424,10531.327863337014
2023-02-22,Mouse,İstanbul,Fatma Özkan,13,324.80223870078714,0.2406590942262119,3206.263139721328
2023-03-06,Laptop,İstanbul,Ali Yılmaz,12,622.3019407001743,0.004223946814525336,7436.080444800971
2024-05-13,Laptop,İzmir,Mehmet Kaya,1,1231.6219508229722,0.2778902635540047,889.366202309879
2023-02-10,Monitor,İstanbul,Fatma Özkan,2,236.04972715630205,0.11124547565947991,419.58052595901756
2024-07-27,Headphones,İzmir,Fatma Özkan,8,585.7074963306251,0.16837302775431034,3896.721214360329
2024-09-04,Phone,İzmir,Ali Yılmaz,5,1144.4905352605176,0.2312901539863683,4398.905715620856
2024-01-28,Phone,Ankara,Ayşe Demir,13,443.3524445540226,0.2687290787020558,4214.739757653306
2023-08-29,Monitor,Antalya,Fatma Özkan,5,536.1198468403061,0.12311487691068891,2350.577589435922
2023-06-20,Headphones,Bursa,Can Arslan,7,615.0153331818476,0.04836638617620132,4096.884848510224
2024-07-31,Mouse,Antalya,Ali Yılmaz,6,940.242412441675,0.06553213116505008,5271.757940055625
2023-12-06,Tablet,İzmir,Ayşe Demir,7,1818.3154610142203,0.0816396748153906,11689.081446456556
2023-10-10,Tablet,İstanbul,Fatma Özkan,13,1728.4246373498697,0.002085639159357211,22422.6569741488
2024-03-31,Keyboard,İstanbul,Can Arslan,1,283.7374663006815,0.10128455142108839,254.99924430506078
2024-01-09,Laptop,Bursa,Ali Yılmaz,17,545.1350571719722,0.07406281885158035,8580.933909110974
2024-01-21,Keyboard,İstanbul,Can Arslan,17,1995.5939458454366,0.0800343042825855,31209.925536905674
2023-01-02,Mouse,Bursa,Can Arslan,1,1286.9851221676595,0.20421163546643004,1024.1677855488385
2023-02-22,Monitor,Ankara,Fatma Özkan,11,770.8261893197387,0.07264798148322776,7863.099448503765
2023-10-21,Headphones,Bursa,Ayşe Demir,6,827.7076627668785,0.24492956196581517,3749.8655249378294
2023-05-24,Laptop,İstanbul,Fatma Özkan,6,1406.8349732422196,0.2575076414441159,6267.385304289118
2024-02-07,Mouse,İzmir,Mehmet Kaya,7,390.0145365597333,0.20728132143073977,2164.20265631104
2024-10-01,Phone,Ankara,Ali Yılmaz,11,715.0793845480041,0.03404205637217672,7598.102730115035
2023-05-31,Phone,Ankara,Mehmet Kaya,7,1336.9688897666492,0.24516666006036475,7064.32084720562
2024-07-25,Laptop,Ankara,Ali Yılmaz,16,1932.5677350131475,0.16748803608212928,25742.172167681707
2023-06-09,Keyboard,İstanbul,Ali Yılmaz,3,1415.697768446904,0.25399834267149174,3168.3386446129834
2024-02-08,Tablet,İstanbul,Fatma Özkan,11,1874.4882387308478,0.23560219533418306,15761.401640135293
2023-04-14,Monitor,İzmir,Ali Yılmaz,3,1948.6444816728688,0.08517629242123971,5347.998508430596
2023-12-04,Mouse,İzmir,Can Arslan,9,393.0542427208235,0.00542260908465626,3518.3057689213456
2024-02-02,Headphones,Bursa,Mehmet Kaya,17,650.718544112159,0.1627620691664698,9261.70620626701
2024-04-14,Phone,Antalya,Mehmet Kaya,8,1280.7203206946626,0.23844339106249451,7802.728195404654
2024-08-31,Monitor,İstanbul,Can Arslan,16,597.5061067596688,0.007294789929436152,9490.358803668829
2023-02-18,Laptop,Bursa,Fatma Özkan,14,1833.9855609298745,0.11104761007663332,22824.561864629813
2023-02-06,Headphones,İstanbul,Can Arslan,3,1961.646588246289,0.022603876801838462,5751.917311310469
2023-09-10,Headphones,İstanbul,Mehmet Kaya,18,1135.762461793783,0.2808464322482343,14702.177277315497
2024-07-23,Keyboard,Ankara,Ayşe Demir,10,1760.877490259513,0.22223058532626133,13695.566549113033
2024-01-28,Keyboard,Antalya,Ayşe Demir,3,549.6035400091932,0.18345411325970415,1346.329529797237
2024-05-20,Phone,İstanbul,Fatma Özkan,13,428.8342093484824,0.021282275099978296,5456.199342527002
2024-02-04,Tablet,Bursa,Mehmet Kaya,15,782.3867576478908,0.028194581952260697,11404.915351365356
2024-12-27,Phone,İzmir,Ali Yılmaz,17,122.82896806096811,0.24678016819789747,1572.7926492762397
2023-02-23,Keyboard,Bursa,Can Arslan,1,1664.3445573857978,0.08146287474592256,1528.7622651734207
2024-09-11,Headphones,Bursa,Can Arslan,15,1414.048810996028,0.041505927725340404,20330.36104870085
2024-10-17,Headphones,Ankara,Fatma Özkan,10,679.7651222354297,0.23855585843061108,5176.031699693674
2024-08-26,Mouse,Ankara,Can Arslan,9,1392.5748064924644,0.01745807865253308,12314.368133920647
2024-09-25,Laptop,Ankara,Ali Yılmaz,8,1872.497294812434,0.1914811781530051,12111.594453707472
2023-07-08,Phone,Antalya,Can Arslan,3,533.075429527257,0.10679180359537847,1428.4420288669805
2023-03-27,Laptop,Antalya,Fatma Özkan,5,233.60612712369223,0.09342399281738825,1058.9085499059527
2024-03-28,Monitor,Ankara,Ayşe Demir,16,1623.48030524902,0.10389129632682023,23277.0373084102
2023-09-11,Tablet,Antalya,Ayşe Demir,10,1900.8341766032026,0.2660041161894143,13952.044614332348
2023-06-29,Phone,Ankara,Ayşe Demir,19,1031.115704231171,0.25694695235649667,14557.29966353893
2023-11-21,Headphones,Bursa,Ayşe Demir,17,1741.0379204322574,0.1909210792338034,23946.830388498016
2024-10-25,Monitor,Ankara,Mehmet Kaya,1,943.5931364584575,0.16368503679478047,789.1410591979526
2024-09-04,Monitor,İzmir,Ali Yılmaz,1,1320.3953051226865,0.062005307963023615,1238.5237875956238
2023-10-12,Headphones,Bursa,Ayşe Demir,19,1255.595074458891,0.10096626446661795,21447.624272053745
2023-03-31,Headphones,Ankara,Ayşe Demir,2,558.3543300600111,0.14881123628802184,950.5298638340213
2024-05-15,Mouse,Antalya,Mehmet Kaya,4,864.9947618453785,0.2902741654560742,2455.6365169073424
2024-11-06,Mouse,Antalya,Ali Yılmaz,3,1981.485026901313,0.12378530307342794,5208.618906932623
2023-04-06,Phone,Antalya,Fatma Özkan,17,1375.6973208054794,0.22197262813421234,18195.612906814575
2023-09-30,Laptop,Bursa,Ali Yılmaz,13,1796.270295567591,0.11676050362024892,20624.979325847333
2024-01-31,Headphones,İstanbul,Mehmet Kaya,12,742.0651214023052,0.2870402655379369,6348.750622902553
2024-01-19,Monitor,İzmir,Ayşe Demir,15,212.40460183075632,0.027511244177544324,3098.4163044803445
2024-01-31,Laptop,Bursa,Mehmet Kaya,4,1895.079358619296,0.23438881514136076,5803.5758126146775
2023-02-08,Headphones,Antalya,Ayşe Demir,7,1992.0659219591419,0.01676134640320501,13710.733504882153
2023-06-12,Phone,Antalya,Mehmet Kaya,11,278.28068203383145,0.042897504615850755,2929.774487109614
2023-03-15,Mouse,Bursa,Ali Yılmaz,6,214.008271924245,0.210290739437736,1014.0258850530206
2023-06-19,Laptop,Ankara,Mehmet Kaya,2,208.63012225170453,0.025451314225557575,406.64042290671983
2023-12-05,Headphones,İstanbul,Fatma Özkan,17,1897.1347258985245,0.2958003191468613,22711.348364723515
2023-05-12,Monitor,Bursa,Mehmet Kaya,12,1138.8882869848198,0.12726660277409288,11927.350125132669
2024-06-14,Phone,İzmir,Can Arslan,13,840.1440692237634,0.17144190756150318,9049.40617580425
2024-10-21,Monitor,Antalya,Ali Yılmaz,7,1504.7875145675755,0.1750106295291479,8690.035930348517
2023-07-09,Laptop,Bursa,Ali Yılmaz,1,486.01188511293265,0.2889667618321834,345.57060445989333
2024-07-09,Headphones,Antalya,Can Arslan,15,1787.7290717112387,0.15831033272588996,22570.696313173295
2023-07-22,Monitor,Antalya,Fatma Özkan,3,1406.0516900579628,0.02263036412693078,4122.6966849919945
2023-02-16,Laptop,İstanbul,Ali Yılmaz,3,1807.2581204574285,0.013633914102437361,5347.854355446539
2023-01-12,Mouse,Bursa,Fatma Özkan,8,380.8758125963528,0.19405450850061715,2455.721151865555
2024-10-09,Mouse,Bursa,Ayşe Demir,5,1950.0698749490246,0.2958632233438809,6865.579580004037
2024-05-16,Phone,İstanbul,Ali Yılmaz,1,851.8531057007632,0.18083456460698955,697.8086202222538
2024-07-11,Keyboard,Antalya,Ayşe Demir,19,1465.1530413573018,0.18402455878073695,22715.04908813012
2024-03-25,Mouse,Ankara,Mehmet Kaya,13,371.42680921715186,0.12337653497561071,4232.818934485602
2024-01-09,Laptop,Ankara,Ali Yılmaz,11,1208.5548949366635,0.11426725698930645,11775.023063883766
2024-11-19,Headphones,İstanbul,Ayşe Demir,9,858.8980295584471,0.08202212157921186,7096.0445185847275
2024-06-01,Monitor,İstanbul,Can Arslan,5,1993.4418322941156,0.16662951168078824,8306.377966074459
2024-07-18,Headphones,Ankara,Ayşe Demir,19,532.3287983992354,0.13516324059302806,8747.172745985437
2023-01-01,Keyboard,Antalya,Can Arslan,4,495.8534707317523,0.201510205321757,1583.7357441403642
2023-02-03,Monitor,Ankara,Ayşe Demir,2,978.6108587385777,0.24941144701875034,1469.0682167846544
2023-11-02,Monitor,İstanbul,Fatma Özkan,5,222.39603556301083,0.23754535184088987,847.8344552358817
2024-02-05,Phone,Antalya,Can Arslan,14,1422.955547793486,0.06388924845267321,18648.615821687574
2024-02-26,Monitor,Ankara,Ayşe Demir,2,1291.456427163451,0.1664446825626677,2153.0007442014266
2024-03-10,Phone,Ankara,Fatma Özkan,6,929.2753724614037,0.2731413835209819,4052.7108693319205
2024-06-25,Phone,Ankara,Mehmet Kaya,17,1901.5652161324022,0.04412204427871138,30900.292614944967
2023-07-03,Laptop,Ankara,Ali Yılmaz,5,1961.0635218066802,0.14778542819786086,8356.234547566375
2023-07-24,Tablet,İzmir,Mehmet Kaya,16,716.0482603902628,0.16117902501422102,9610.180798678899
2024-10-24,Phone,İzmir,Fatma Özkan,8,1408.177859142804,0.12349836430725843,9874.161575079765
2023-07-14,Keyboard,Antalya,Ayşe Demir,19,129.69380171963377,0.05068051892164936,2339.2961984036633
2024-08-26,Mouse,Antalya,Can Arslan,6,285.23994864617157,0.13823363040981773,1474.8611700414078
2023-12-12,Tablet,Ankara,Ali Yılmaz,14,693.6940509548031,0.0964748294040087,8774.780500225077
2023-09-06,Phone,İstanbul,Mehmet Kaya,16,169.10202171698432,0.08306329444416112,2480.8936111360563
2023-09-14,Laptop,İzmir,Can Arslan,15,1096.3517596752984,0.27721252773222993,11886.43975638046
2024-06-09,Mouse,Bursa,Ayşe Demir,13,171.5656568969208,0.04432172757186801,2131.50041768621
2023-01-07,Keyboard,İzmir,Fatma Özkan,13,1741.0692130957104,0.10624400123793763,20229.18369503505
2023-01-15,Laptop,Antalya,Fatma Özkan,10,1149.731929436731,0.2522129957633793,8597.545951886828
2023-03-27,Mouse,Bursa,Ali Yılmaz,17,718.7073853426075,0.14219098242916683,10480.732494407956
2024-01-29,Keyboard,İstanbul,Can Arslan,18,219.4945617704762,0.16113196254556433,3314.285500757774
2023-02-03,Phone,İstanbul,Fatma Özkan,19,788.6066206050142,0.10123405016157543,13466.682789921779
2024-11-22,Mouse,Ankara,Mehmet Kaya,13,694.1795384977822,0.2801075471279624,6496.549939135717
2024-03-12,Tablet,Antalya,Fatma Özkan,11,221.38086785328056,0.24175946602234302,1846.4594219885942
2024-10-25,Phone,İstanbul,Mehmet Kaya,19,85.57283878530404,0.20908843870992647,1285.930403026463
2023-08-11,Tablet,Ankara,Fatma Özkan,11,1737.7388954932615,0.24512162128478396,14429.596720663558
2024-08-28,Tablet,İzmir,Ali Yılmaz,2,1135.6876413771631,0.17148380684096995,1881.8712025031298
2024-03-10,Headphones,Bursa,Can Arslan,6,1937.588429683257,0.21328574365102448,9145.970643411856
2024-12-24,Laptop,Bursa,Ali Yılmaz,12,273.9318082414469,0.18318601273248977,2685.015990349143
2023-11-16,Tablet,Antalya,Mehmet Kaya,4,675.2522747110529,0.17816492926736963,2219.784003798111
2024-11-20,Mouse,Antalya,Ayşe Demir,12,443.3744015439599,0.20537146436394998,4227.815417248643
2024-08-18,Laptop,Antalya,Ali Yılmaz,17,277.5573250762786,0.14194986031556767,4048.6877263863494
2024-07-03,Phone,İzmir,Ali Yılmaz,5,1669.7078451860718,0.28950807319995375,5931.569720597027
2023-11-30,Headphones,İzmir,Ali Yılmaz,2,403.4044790230373,0.019948880210033246,790.7140227896317
2023-10-23,Tablet,Bursa,Can Arslan,8,1664.4847299961093,0.22515057742959405,10317.800255317947
2023-10-18,Headphones,Antalya,Can Arslan,19,1347.1345803575903,0.1569196274307358,21579.111754267517
2023-05-12,Laptop,Antalya,Ayşe Demir,18,1642.3689069695754,0.13174047257106553,25668.044118528825
2024-06-09,Keyboard,Antalya,Ali Yılmaz,15,1176.0982282669452,0.10660873554551877,15760.738249111218
2024-05-17,Mouse,Antalya,Mehmet Kaya,7,277.95117938130994,0.2819496370840425,1397.080616593676
2024-01-26,Keyboard,Ankara,Fatma Özkan,15,1763.3267749782046,0.1486270879211897,22518.729770395967
2024-04-22,Phone,İzmir,Fatma Özkan,6,1517.1860840757042,0.2120941383730377,7172.398852932627
2024-02-15,Phone,İstanbul,Fatma Özkan,2,1536.7944371943465,0.2630296910285248,2265.143742409524
2023-04-28,Tablet,Antalya,Fatma Özkan,13,298.60289154736574,0.11918618716811018,3419.176168544013
2023-06-06,Headphones,Antalya,Fatma Özkan,12,1555.169862166578,0.0036609216954133546,18593.71808493743
2024-09-18,Keyboard,Bursa,Fatma Özkan,11,1218.1072613157867,0.2480396483427235,10075.652010328311
2023-09-11,Mouse,Ankara,Mehmet Kaya,12,1828.112197243781,0.04173485824291856,21021.79432607594
2023-07-29,Laptop,İstanbul,Fatma Özkan,11,1867.6306508430441,0.16953995507676267,17060.918976190424
2023-11-20,Headphones,Antalya,Ayşe Demir,17,1173.7623023252856,0.18201451391485676,16322.048966071416
2023-02-20,Headphones,İstanbul,Mehmet Kaya,1,270.81418938947274,0.29545235968870037,190.8014980971704
2024-09-13,Monitor,İstanbul,Ali Yılmaz,19,1202.987099702612,0.11970081116103908,20120.78279298693
2023-11-05,Laptop,Ankara,Fatma Özkan,9,272.8212351085911,0.1243513752610883,2150.059853901682
2024-08-24,Keyboard,Ankara,Ayşe Demir,2,1840.9867136316373,0.17612046724097016,3033.5025468848303
2023-06-28,Tablet,İstanbul,Fatma Özkan,6,116.06436248086023,0.09344195133982722,631.3144918178137
2023-10-12,Phone,İzmir,Ayşe Demir,18,1343.8978754325856,0.053410790060925424,22898.146106601576
2023-03-25,Laptop,İstanbul,Fatma Özkan,8,1029.2802701459232,0.17861550519601313,6763.478837644162
2023-05-21,Tablet,İzmir,Mehmet Kaya,19,731.3046481461994,0.1404695485324138,11942.993673247494
2023-11-01,Headphones,Antalya,Mehmet Kaya,18,623.3871244808945,0.21421775993694847,8817.237559819108
2023-07-13,Tablet,Bursa,Ali Yılmaz,18,1019.1733002014355,0.2296068843198722,14132.953694883277
2024-10-05,Laptop,Antalya,Mehmet Kaya,10,577.9521126299298,0.19319986297170472,4662.918436656201
2024-01-15,Laptop,Bursa,Ayşe Demir,7,1334.9016867247951,0.008128797751045047,9268.353786271162
2024-03-18,Phone,Antalya,Ali Yılmaz,15,1160.4148596388256,0.2662381447540509,12772.022403953284
2024-08-26,Phone,Ankara,Mehmet Kaya,14,1226.2349342451103,0.24205504468877578,13011.860154124608
2024-03-27,Monitor,Antalya,Can Arslan,14,621.6380740089759,0.2689007455563359,6362.707854184605
2023-01-07,Mouse,İstanbul,Can Arslan,19,289.4149348422816,0.2629332227625881,4053.0445328629444
2023-10-12,Monitor,Ankara,Ayşe Demir,1,1644.0149453899598,0.10254520550936279,1475.4290949544827
2024-01-21,Keyboard,Bursa,Fatma Özkan,5,723.1246825184874,0.23215035696040207,2776.2551467247154
2023-08-14,Headphones,Bursa,Mehmet Kaya,12,323.2206927445825,0.26054039276937385,2868.103758068638
2024-09-23,Keyboard,İstanbul,Ayşe Demir,19,1049.292428969747,0.22250608326859966,15500.551127529576
2023-08-25,Laptop,İstanbul,Mehmet Kaya,14,1969.5842523719266,0.15770705469080573,23225.53689350941
2023-04-19,Mouse,Antalya,Mehmet Kaya,6,1832.8826727929732,0.03532532486704234,10608.812981600331
2023-12-22,Laptop,Ankara,Ali Yılmaz,5,1320.2697572861352,0.24892254111216047,4958.124271744676
2024-08-21,Headphones,Ankara,Can Arslan,6,1477.7599279951717,0.07521919816847933,8199.62406675519
2024-03-30,Mouse,Antalya,Ali Yılmaz,14,141.58363521135732,0.04988501062682382,1883.2902768995618
2023-12-29,Laptop,İzmir,Can Arslan,4,1553.422554794183,0.020474911606227473,6086.465461190608
2023-10-23,Keyboard,Bursa,Ali Yılmaz,7,1240.2891006655173,0.2847920391173297,6209.452470143899
2023-02-24,Phone,Antalya,Ali Yılmaz,4,1102.6934188709772,0.04860416336747538,4196.391711183729
2023-09-01,Keyboard,İstanbul,Mehmet Kaya,13,351.61067472231065,0.18699976527149723,3716.174294069716
2024-03-25,Headphones,İstanbul,Ali Yılmaz,8,1469.9680745970265,0.14864739486185954,10011.6891982246
2024-09-07,Mouse,İstanbul,Mehmet Kaya,3,201.6424209539663,0.0007018171877334777,604.5027145114939
2024-03-10,Tablet,Ankara,Fatma Özkan,19,663.4632857783513,0.24222907554502834,9552.310560717691
2023-01-17,Mouse,İstanbul,Ali Yılmaz,15,219.07516313125802,0.2874512379011791,2341.5260444366277
2023-12-05,Phone,Antalya,Ali Yılmaz,5,1399.9393008098123,0.2547586954695958,5216.462953994433
2024-06-20,Mouse,İstanbul,Fatma Özkan,15,1401.6916623410032,0.015478741997612998,20699.92858109132
2024-06-21,Phone,Ankara,Ali Yılmaz,7,116.19465824230774,0.20922608017405198,643.1859375277427
2023-05-17,Keyboard,Ankara,Mehmet Kaya,18,1502.8758688344296,0.016464784393942476,26606.36415029781
2024-02-06,Keyboard,Ankara,Ali Yılmaz,14,1212.7262630400035,0.06900265118631091,15806.62910017766
2023-07-07,Headphones,Ankara,Mehmet Kaya,5,1084.0170086380554,0.1323096485244485,4702.95549615315
2023-12-30,Phone,İstanbul,Fatma Özkan,13,1270.4881840521678,0.26579332447085613,12126.411776856015
2024-03-01,Monitor,Ankara,Mehmet Kaya,10,1981.1655610164653,7.125707276537384e-05,19810.243889579237
2023-05-21,Mouse,İzmir,Mehmet Kaya,7,68.49659557557125,0.015805150793168576,471.89797587576464
2024-04-21,Tablet,Antalya,Fatma Özkan,16,1753.6703726633605,0.2952250407597885,19775.08744663338
2023-09-23,Tablet,İstanbul,Fatma Özkan,5,1477.930024010058,0.0010039086128937667,7382.2315866485005
2024-03-04,Tablet,Ankara,Fatma Özkan,18,505.5351145473244,0.012627956890908565,8984.722300451644
2024-12-05,Headphones,İstanbul,Ali Yılmaz,4,475.5950813368751,0.2849883551850676,1360.2240854902825
2023-03-02,Headphones,İzmir,Fatma Özkan,6,1965.5445044061591,0.2652596934394509,8664.988630354705
2023-12-10,Keyboard,Antalya,Ayşe Demir,7,1982.7788209671041,0.06950151041503301,12914.808886636665
2024-10-21,Headphones,Antalya,Mehmet Kaya,13,284.6605859682421,0.014083607144343901,3648.4699953778268
2023-08-06,Laptop,İstanbul,Ayşe Demir,3,1661.1011067982333,0.2402309061389625,3786.1598481709807
2023-02-23,Phone,İstanbul,Ali Yılmaz,3,1214.684441239165,0.15750945025808044,3070.0804879876214
2024-05-04,Keyboard,Ankara,Ayşe Demir,17,350.09701736271734,0.24474993749718532,4494.9835021691015
2023-04-30,Headphones,İstanbul,Ali Yılmaz,4,1181.1681052837318,0.027446051219326462,4594.998819869919
2024-09-08,Keyboard,İzmir,Fatma Özkan,9,136.5344938898117,0.2556580600041023,914.6551505247044
2023-06-19,Laptop,İstanbul,Can Arslan,11,219.62418182724977,0.1225359639212096,2119.835531073048
2023-02-07,Keyboard,Antalya,Ayşe Demir,18,208.04012101991347,0.0660549605849434,3497.364702465412
2024-08-15,Mouse,Antalya,Can Arslan,19,1658.1278835540409,0.10434276237065791,28217.170556583795
2023-02-09,Keyboard,Antalya,Can Arslan,1,1763.3284733925582,0.23922780648207842,1341.4912705954646
2023-06-17,Monitor,İstanbul,Mehmet Kaya,16,1431.3078045943178,0.2511039985091016,17150.411068214413
2023-12-11,Headphones,Ankara,Fatma Özkan,6,418.9820025807615,0.26449113983110506,1848.9898508967415
2024-07-10,Mouse,İstanbul,Mehmet Kaya,10,301.29624157321814,0.10053565627774257,2710.052261926374
2024-10-31,Phone,Ankara,Fatma Özkan,2,1672.6616470175968,0.15224032012825087,2836.030204818781
2023-10-22,Mouse,Antalya,Mehmet Kaya,17,1141.6964090022175,0.034753157034077296,18734.32052505366
2024-11-30,Headphones,İzmir,Mehmet Kaya,7,1105.469828418415,0.28889760115769836,5502.715727852858
2024-02-16,Monitor,Antalya,Can Arslan,4,388.8192768497552,0.23125623256229694,1195.6095829515366
2023-11-20,Keyboard,İstanbul,Fatma Özkan,17,1185.2323973437328,0.10376491708588702,18058.19655039951
2024-04-18,Keyboard,Ankara,Ayşe Demir,14,1948.303489895924,0.2906633565857074,19348.042810251776
2024-11-06,Keyboard,İzmir,Fatma Özkan,12,97.94448709466295,0.006637065458699176,1167.5330774699635
2024-10-07,Phone,İzmir,Mehmet Kaya,2,583.5719992492485,0.29913735004731334,818.0076356640311
2023-04-09,Headphones,İstanbul,Can Arslan,11,480.5007449380828,0.024714313684752808,5154.880486821182
2023-03-25,Tablet,İzmir,Mehmet Kaya,3,1904.1839463883002,0.04531736753427007,5453.674027910894
2024-08-26,Headphones,Antalya,Can Arslan,6,1532.1834529542896,0.13268962871427306,7973.271596757792
2024-05-21,Laptop,Ankara,Fatma Özkan,6,498.41148148761806,0.06393141120752499,2799.2839926844886
2024-06-07,Mouse,Bursa,Mehmet Kaya,8,360.5291896445657,0.061110374782882254,2707.9769259617397
2024-08-27,Headphones,İzmir,Ayşe Demir,7,1271.12962718126,0.03937346330471627,8547.565960149306
2024-11-23,Monitor,Ankara,Mehmet Kaya,14,951.0897169930382,0.00036955054992776626,13310.335377711299
2024-03-30,Laptop,Bursa,Fatma Özkan,4,1138.904711537236,0.06766204273312063,4247.376369105004
2024-12-26,Tablet,Antalya,Can Arslan,2,1605.2402462425168,0.09310858767707213,2911.5571880649613
2024-12-17,Laptop,Antalya,Ayşe Demir,18,985.8807276983908,0.18000616443579112,14551.490147656265
2024-06-27,Keyboard,Antalya,Ali Yılmaz,1,1907.6648441754983,0.27234559589539203,1388.120725419832
2023-08-02,Keyboard,İstanbul,Ali Yılmaz,12,1973.9920568709356,0.042748662870453966,22675.27843107367
2024-08-14,Tablet,Bursa,Fatma Özkan,1,1141.3149327994824,0.0029312542257550977,1137.9694485797966
2023-01-02,Laptop,İstanbul,Ali Yılmaz,13,210.8916421588215,0.24735421406905014,2063.4471748656333
2024-10-27,Tablet,Ankara,Ayşe Demir,14,1401.7281846042279,0.24643221840295992,14788.16077863956
2023-04-16,Phone,Bursa,Ali Yılmaz,8,1291.0389866100916,0.21194271794607034,8139.301398508867
2023-01-09,Tablet,İstanbul,Ali Yılmaz,18,1873.6435398339463,0.2842051387893116,24140.599515967362
2023-11-14,Monitor,İzmir,Mehmet Kaya,16,1117.8051334997856,0.2451893309887481,13499.69985025896
2024-02-14,Phone,İzmir,Ali Yılmaz,10,905.2840721545998,0.2174479679622175,7084.318902360206
2023-01-12,Phone,Bursa,Can Arslan,13,1250.6969427873735,0.09870523134439865,14654.205952201577
2023-12-22,Headphones,Antalya,Can Arslan,19,365.2614610862652,0.00625834178746143,6896.535070398995
2024-12-23,Tablet,Antalya,Ali Yılmaz,3,208.97665462723205,0.12097840833714954,551.0849747124219
2024-03-20,Headphones,İstanbul,Fatma Özkan,17,1743.131385546342,0.2181507209298924,23168.72229093605
2023-01-24,Monitor,Antalya,Fatma Özkan,12,1547.0615817302216,0.15145346456790534,15753.044943327312
2024-07-15,Laptop,İzmir,Ali Yılmaz,4,107.31916922518923,0.11865455095470456,378.3410455677698
2024-07-31,Phone,Ankara,Fatma Özkan,6,1327.2682107226117,0.2976399949022017,5593.320643495675
2023-07-05,Tablet,Antalya,Fatma Özkan,3,1264.7848379487914,0.18946806602775615,3075.445502284215
2024-06-03,Monitor,Ankara,Fatma Özkan,14,1944.2204333811972,0.054293085812846927,25741.27789173558
2024-07-06,Tablet,Bursa,Can Arslan,15,1206.1908796719747,0.17382446980305022,14947.880842975783
2023-03-25,Mouse,İstanbul,Mehmet Kaya,2,1723.0731951492762,0.0027091212388650754,3436.8103619203566
2024-03-24,Monitor,Bursa,Can Arslan,15,507.61437461002464,0.26511290089822576,5595.5888282928345
2024-09-21,Tablet,Ankara,Can Arslan,10,1355.3112828457547,0.043726970473425504,12960.476263984578
2023-05-13,Monitor,İzmir,Fatma Özkan,1,542.4291750470675,0.10777522437487366,483.9687489988922
2023-10-11,Laptop,İzmir,Can Arslan,15,1344.4188288625198,0.14238926272494415,17294.820345408792
2024-05-11,Monitor,Bursa,Fatma Özkan,18,1974.051311696465,0.03689124255888802,34222.06990679364
2023-10-20,Monitor,Ankara,Can Arslan,1,288.11433231955226,0.1356597084850306,249.02882598672258
2023-02-28,Headphones,İstanbul,Ali Yılmaz,19,131.0670751482646,0.04450296028862666,2379.4498438481037
2024-11-23,Mouse,İzmir,Mehmet Kaya,2,680.1047812870431,0.2919293244211039,963.1245039007081
2023-02-08,Phone,İzmir,Ayşe Demir,12,1087.8777282112833,0.03772245354199465,12562.08373379355
2024-09-29,Headphones,Bursa,Ayşe Demir,10,1479.1528907656166,0.04871456839869626,14070.965960962856
2023-12-07,Laptop,Antalya,Can Arslan,15,395.44208942240255,0.20778778566784936,4699.110799521808
2023-11-07,Phone,Ankara,Mehmet Kaya,10,84.15618218102136,0.07324418712671228,779.9223102548493
2024-06-21,Phone,İstanbul,Fatma Özkan,8,1601.2452248079862,0.2756033390980513,9279.493553088763
2023-01-01,Keyboard,Antalya,Can Arslan,9,257.8564091005819,0.1973535913809108,1862.7076863359703
2024-12-04,Tablet,İstanbul,Ali Yılmaz,9,1987.0070278493256,0.22572832878467175,13846.349269525495
2024-08-11,Phone,İstanbul,Mehmet Kaya,4,1318.4977131938458,0.22955725936673538,4063.3079666870344
2024-10-05,Tablet,İzmir,Ayşe Demir,18,1761.8877601305887,0.09515871502961958,28696.118127302652
2023-12-31,Keyboard,İstanbul,Ali Yılmaz,15,1278.9070592418311,0.18294954164960836,15673.973984116345
2023-05-23,Headphones,İzmir,Fatma Özkan,1,513.2110552049385,0.11197553748880203,455.7439714531702
2023-04-12,Mouse,İzmir,Mehmet Kaya,8,1353.0149571822817,0.18584710380288436,8812.488367903768
2023-01-03,Headphones,Ankara,Ayşe Demir,6,1832.7612061053665,0.24412988649587591,8311.976525308914
2024-10-26,Monitor,Antalya,Ayşe Demir,16,1181.3361199932979,0.16008076401806354,15875.630901482176
2023-02-12,Phone,Ankara,Fatma Özkan,11,85.55353621890518,0.05873339570506383,885.8155517441198
2023-12-02,Phone,Antalya,Fatma Özkan,15,524.7904783237836,0.278110363438892,5682.6121150182935
2023-11-20,Headphones,Antalya,Mehmet Kaya,2,374.3466350991272,0.18520552722389225,610.0311383622067
2024-01-08,Monitor,İzmir,Can Arslan,15,1087.9074160111284,0.17427961597883931,13474.609939922662
2023-04-16,Monitor,Ankara,Ayşe Demir,17,1954.6142153920289,0.24695220467869808,25022.604735278943
2023-12-16,Keyboard,Bursa,Ayşe Demir,7,1074.0685981507672,0.2127138785167298,5919.195105915635
2023-11-08,Laptop,Ankara,Can Arslan,10,1839.6173538841858,0.12735822755890855,16053.269483068865
2024-01-20,Monitor,Antalya,Ayşe Demir,15,1905.2365173029812,0.18048354604389935,23420.59011911715
2023-04-28,Headphones,Bursa,Ali Yılmaz,9,1310.8815311745773,0.05243203284821315,11179.344129047242
2024-09-24,Headphones,Ankara,Ali Yılmaz,5,639.0179785778504,0.21958742027569036,2493.4883457607693
2024-09-03,Monitor,Ankara,Ali Yılmaz,18,1544.9794636407917,0.04491119038708732,26560.666742491438
2024-03-14,Mouse,Antalya,Ali Yılmaz,3,1745.0562680695525,0.14186758968995464,4492.468024335533
2024-10-22,Laptop,Antalya,Mehmet Kaya,7,1116.0599547924364,0.06958412883479262,7268.799265775647
2024-08-12,Headphones,Antalya,Ali Yılmaz,2,585.3534953002445,0.1791140750687075,961.0168908026125
2024-10-19,Keyboard,Ankara,Can Arslan,7,1462.8078602273054,0.004746327529674732,10191.054265067787
2023-10-07,Monitor,İzmir,Fatma Özkan,6,1177.8544881624978,0.08224819996794176,6485.8684601218265
2023-02-05,Headphones,İstanbul,Fatma Özkan,3,832.3164323760162,0.1100868237614402,2222.0680799138613
2023-03-11,Laptop,Bursa,Can Arslan,17,1672.133070840273,0.20088078484018856,22715.972342614954
2024-03-03,Keyboard,Antalya,Ayşe Demir,3,1089.267683775104,0.09730012593461268,2949.845402901847
2023-09-16,Tablet,Ankara,Fatma Özkan,2,757.7413300996843,0.2986441472112771,1062.8926335306505
2024-04-15,Tablet,Bursa,Fatma Özkan,4,1925.2481851118857,0.19048801367730994,6234.045929976307
2023-10-30,Laptop,Ankara,Ali Yılmaz,16,52.411525530848415,0.09025593250597652,762.8971907200144
2024-10-09,Monitor,İzmir,Can Arslan,19,347.211225994314,0.29774505064751255,4632.785236579789
2023-09-05,Monitor,İstanbul,Ali Yılmaz,6,551.2421695425558,0.2363705964876795,2525.668374711716
2023-06-10,Headphones,Bursa,Fatma Özkan,2,173.06261450434283,0.035294708542067586,333.9088399317677
2024-10-24,Mouse,Antalya,Ayşe Demir,9,220.90335618948515,0.2810873469093188,1429.2919608733666
2024-03-24,Keyboard,İzmir,Fatma Özkan,4,1753.0064903615032,0.048529263405632884,6671.737506555863
2024-02-10,Keyboard,Bursa,Can Arslan,10,1027.248348404919,0.11915363322876331,9048.479754642263
2024-11-08,Mouse,Antalya,Mehmet Kaya,10,1742.710545709528,0.24177762003528633,13213.621375574832
2023-01-07,Monitor,İstanbul,Can Arslan,3,388.3728042236919,0.20848532667073852,922.2083197952542
2024-04-10,Tablet,Bursa,Ayşe Demir,10,1653.837099087004,0.03975740182255453,15880.848329895542
2023-10-16,Monitor,İstanbul,Can Arslan,3,1907.955178822524,0.24756023022467044,4306.864066484603
2024-10-14,Headphones,Ankara,Can Arslan,2,1036.9097319511643,0.06976540750961403,1929.1386039018134
2023-06-22,Monitor,Bursa,Fatma Özkan,13,1876.0758890731381,0.26283155777941275,17978.79122826343
2024-03-22,Tablet,Antalya,Mehmet Kaya,2,1317.8921301763992,0.04560745593859443,2515.5728458351177
2024-05-31,Keyboard,Ankara,Ayşe Demir,2,994.9730946867861,0.22627606330315891,1539.668999456998
2023-02-25,Phone,İstanbul,Mehmet Kaya,9,327.38626894003255,0.036415481826728664,2839.1790619181365
2023-07-09,Tablet,İzmir,Fatma Özkan,1,1043.37314989209,0.299009056155893,731.395129124455
2023-04-11,Phone,Bursa,Fatma Özkan,4,1077.7308546277206,0.12782501516711145,3759.879567155473
2023-03-04,Headphones,Bursa,Can Arslan,3,767.1307342107148,0.1242389257586781,2015.4697076277287
2024-06-09,Phone,Antalya,Can Arslan,5,71.51096563586206,0.12484619945392844,312.91546678472105
2024-12-31,Headphones,Antalya,Ayşe Demir,7,1256.948976365057,0.09705011847344212,7944.733505056295
2023-08-30,Headphones,Antalya,Can Arslan,18,176.00252569596796,0.01278996278610982,3127.526278956994
2024-04-09,Keyboard,İstanbul,Fatma Özkan,11,936.0358023919238,0.2533071248218848,7688.243910134476
2023-07-02,Headphones,Ankara,Fatma Özkan,2,683.118057435617,0.2212071232163399,1064.0149542662994
2023-08-15,Laptop,Antalya,Fatma Özkan,6,815.1677569805253,0.28686665719468446,3487.939844895798
2024-09-16,Laptop,İstanbul,Ali Yılmaz,9,1391.8626768687573,0.13128093721661757,10882.23876155337
2023-01-29,Laptop,Ankara,Ayşe Demir,8,949.8810560182316,0.1911604430424841,6146.41098009699
2024-12-26,Laptop,İstanbul,Fatma Özkan,13,342.8295515932312,0.22123013061644567,3470.8092264960815
2024-03-24,Phone,Antalya,Can Arslan,8,215.34443128931628,0.21489701641880468,1352.5404440227035
2024-09-12,Keyboard,İzmir,Ali Yılmaz,5,1041.729614422778,0.11627856944483085,4602.993925546912
2024-01-01,Monitor,İzmir,Fatma Özkan,15,1887.515009862726,0.23515280303030214,21654.90846797606
2024-07-16,Keyboard,Ankara,Can Arslan,5,1337.5903034176094,0.22931179866652077,5154.325325310101
2023-11-16,Mouse,Bursa,Ali Yılmaz,8,1549.9851382843606,0.18739907065627912,10076.154910710617
2024-04-07,Mouse,İzmir,Ali Yılmaz,4,1249.27528767579,0.2323901341913364,3835.824143723571
2023-06-18,Laptop,Ankara,Ayşe Demir,10,1607.4926737264204,0.08784661101028941,14662.798901156855
2024-05-02,Mouse,Antalya,Can Arslan,16,1632.9510867757683,0.1969435821994508,20981.6296030346
2024-06-06,Mouse,İstanbul,Ayşe Demir,9,775.725696483151,0.12962306488325878,6076.56378776674
2023-05-04,Mouse,İstanbul,Ayşe Demir,12,435.06745522687777,0.2660774700627808,3831.669689201495
2023-05-02,Tablet,İstanbul,Fatma Özkan,9,1110.8323294063657,0.19082122911894753,8089.757450675816
2024-10-22,Tablet,Bursa,Mehmet Kaya,11,575.1960316889489,0.16186686614865153,5302.999378801502
2024-04-10,Mouse,Antalya,Can Arslan,15,229.14823103458716,0.28953892263809894,2442.0134864460993
2024-04-07,Keyboard,Bursa,Can Arslan,11,1528.460771599248,0.22302713582298278,13063.297978408498
2024-05-29,Phone,İzmir,Can Arslan,7,1175.4869274107227,0.2631415324534212,6063.172471670312
2023-08-17,Phone,Ankara,Ayşe Demir,16,1632.9168228881342,0.222513618453879,20313.12947188934
2024-05-29,Laptop,Bursa,Mehmet Kaya,10,1332.242609917145,0.09327867900226625,12079.727791535423
2024-02-09,Tablet,İzmir,Mehmet Kaya,2,742.9999089371919,0.23513753534561915,1136.5854831753622
2024-05-14,Monitor,Ankara,Ayşe Demir,12,1504.1808763259028,0.06074416804957122,16953.727924768926
2024-02-22,Headphones,İstanbul,Fatma Özkan,11,1524.7160828883325,0.2525911114490126,12535.449881541223
2023-03-11,Keyboard,Antalya,Ayşe Demir,4,801.4829719423556,0.19300955397353528,2587.1564040415124
2024-06-19,Tablet,İzmir,Ayşe Demir,5,1342.9319087759598,0.0005639650574731925,6710.8727105242215
2024-02-09,Mouse,Bursa,Fatma Özkan,13,231.3317476551077,0.17646068008451715,2476.6402718037175
2024-05-30,Headphones,İzmir,Can Arslan,16,489.605573154203,0.21088303229360303,6181.697044153555
2024-06-19,Mouse,Ankara,Mehmet Kaya,19,1021.5985804137346,0.023117483740299347,18961.654044996238
2024-02-10,Headphones,Bursa,Ayşe Demir,6,459.1918899699984,0.24753920029983456,2073.1433804559324
2023-01-19,Headphones,Bursa,Ali Yılmaz,1,222.7708378752536,0.06618358581336338,208.0270650100219
2024-04-20,Keyboard,İzmir,Ali Yılmaz,13,388.2861448186166,0.19126597934106893,4082.2627958491057
2024-10-21,Phone,İzmir,Fatma Özkan,11,1492.973454036943,0.2850938258791775,11740.695340984506
2024-05-19,Monitor,Antalya,Ayşe Demir,18,372.32351639184037,0.2100755878333563,5293.93382678956
2023-09-11,Tablet,Antalya,Ali Yılmaz,13,1576.034782710109,0.016840831024863,20143.40961418736
2024-06-30,Tablet,Ankara,Mehmet Kaya,5,1691.7704552440268,0.0558304253538832,7986.590955633101
2023-02-18,Headphones,Ankara,Can Arslan,4,310.2859462110904,0.024180454127137395,1211.1323644897507
2023-10-22,Mouse,İzmir,Ali Yılmaz,4,1542.750153032664,0.047672450300806066,5876.813892142613
2023-12-30,Monitor,İstanbul,Fatma Özkan,4,76.13512154272294,0.0848237068736286,278.7082332407797
2024-09-09,Tablet,Bursa,Mehmet Kaya,14,536.6150897065369,0.0815849178385893,6899.6954838263455
2023-07-01,Phone,Ankara,Ali Yılmaz,13,572.8710891862511,0.046914541321034384,7097.936362412958
2023-08-16,Keyboard,Bursa,Ayşe Demir,11,321.5284736793106,0.15972620468256513,2971.8914596924988
2024-06-02,Tablet,Ankara,Mehmet Kaya,15,1770.1644478500173,0.11803435396907747,23418.363462435176
2024-10-27,Monitor,İstanbul,Can Arslan,18,332.68189114064324,0.21754671826533442,4685.544674940439
2023-11-01,Keyboard,İzmir,Ali Yılmaz,12,731.5374255692966,0.03422873546638001,8477.97389454874
2023-06-27,Headphones,Bursa,Ayşe Demir,7,1383.320505875233,0.1635316584782099,8099.726665397779
2024-10-25,Headphones,Antalya,Ayşe Demir,11,181.9533057050031,0.2123505291689306,1576.4696744996043
2024-06-12,Mouse,Ankara,Ali Yılmaz,10,373.26035331838773,0.2837094441000847,2673.6286597382677
2023-04-22,Laptop,Ankara,Ayşe Demir,2,1730.874471388331,0.1380486793465319,2983.8590729970906
2024-11-09,Tablet,Bursa,Fatma Özkan,10,1957.2205450483807,0.23819691491040182,14910.166494186014
2024-07-14,Phone,Antalya,Fatma Özkan,4,1525.6654360928383,0.1558157578511812,5151.770879762719
2024-01-11,Headphones,Bursa,Fatma Özkan,14,515.6526121940017,0.13537180325429643,6241.869035199158
2023-02-27,Monitor,Ankara,Ali Yılmaz,2,177.1489529579595,0.13917941304369982,304.98693132792937
2023-02-13,Laptop,Ankara,Fatma Özkan,3,255.67371491542963,0.1970340314172882,615.8918764146242
2024-08-23,Keyboard,Ankara,Mehmet Kaya,19,910.0907085890283,0.058682781913354506,16276.997026295034
2023-09-25,Mouse,Bursa,Fatma Özkan,9,1176.3070634682572,0.1903747252650911,8571.311364897914
2024-07-20,Laptop,Ankara,Ayşe Demir,6,1596.859633354596,0.095028503120258,8670.67471622247
2024-01-22,Headphones,İzmir,Mehmet Kaya,18,379.265703021488,0.1521153311596323,5788.3243501599045
2023-08-08,Laptop,Antalya,Fatma Özkan,16,346.6033522834321,0.1320970255105047,4813.089286637138
2024-01-01,Tablet,İzmir,Ali Yılmaz,12,1492.4741475668043,0.09590004973216341,16192.149631094155
2023-05-09,Phone,Antalya,Can Arslan,13,679.871836853117,0.2991234471244985,6194.580982339722
2024-05-20,Phone,İzmir,Mehmet Kaya,5,1141.5235830948461,0.1582198866368029,4804.559255921713
2024-10-27,Tablet,Antalya,Mehmet Kaya,9,1647.1738520302295,0.1622381264956633,12419.455070377802
2023-07-30,Monitor,Bursa,Ali Yılmaz,11,1807.5272210105652,0.19550037561192776,15995.704674116374
2024-04-01,Headphones,Ankara,Mehmet Kaya,12,703.6556923732019,0.05212847794072314,8003.702305625534
2023-10-04,Monitor,Ankara,Ali Yılmaz,3,326.8453800339381,0.10438242347464999,878.185401493508
2023-12-04,Mouse,İzmir,Ali Yılmaz,16,1175.6369749987955,0.22142073700155515,14645.225112772532
2024-09-11,Keyboard,İzmir,Mehmet Kaya,1,296.21624605078034,0.2028532686226302,236.12781232025426
2023-03-07,Keyboard,Bursa,Ali Yılmaz,1,1682.2301942237332,0.08378282653632313,1541.288193666921
2023-07-10,Keyboard,Bursa,Ayşe Demir,15,645.355819558626,0.06379331291132884,9062.796507335632
2023-08-15,Laptop,Antalya,Can Arslan,14,1530.5350294686436,0.2710823533040385,15618.87588612425
2024-02-05,Phone,İstanbul,Mehmet Kaya,13,1802.7524069514823,0.1952305642676242,18860.400484997845
2024-10-07,Keyboard,İzmir,Mehmet Kaya,2,921.7583104225296,0.13810748136057788,1588.9131834937848
2024-09-03,Headphones,İzmir,Mehmet Kaya,14,984.1866230515349,0.005400026683564496,13704.20784635629
2024-02-28,Tablet,Ankara,Ali Yılmaz,19,1946.9138296395674,0.24781171549997155,27824.469698133373
2023-10-02,Laptop,Bursa,Fatma Özkan,13,1927.4801962943507,0.21800129762109696,19594.7311607218
2024-09-27,Phone,İstanbul,Fatma Özkan,19,1751.8699871539495,0.0337741171235811,32161.340375427983
2024-03-12,Headphones,Bursa,Ali Yılmaz,9,74.18787074076384,0.14063038963935173,573.7932141477872
2023-03-30,Tablet,İzmir,Can Arslan,3,491.38541396589756,0.21907384412704375,1151.207167141289
2023-02-10,Monitor,İzmir,Fatma Özkan,8,1760.66043751105,0.09912240116273215,12689.116378501825
2024-08-20,Laptop,Antalya,Ali Yılmaz,16,117.60702011664247,0.1748420505250469,1552.7098810129323
2024-07-29,Tablet,Ankara,Can Arslan,5,541.9991371868427,0.06606759041319453,2530.952800934388
2024-11-14,Laptop,Antalya,Can Arslan,9,1823.7722979013552,0.20076007888142353,13118.684647616317
2024-04-26,Laptop,Antalya,Fatma Özkan,12,955.6448106398084,0.041257132445104615,10994.61175340118
2024-10-20,Mouse,Bursa,Can Arslan,8,1898.8112243343123,0.13357383368543643,13161.437837240328
2024-05-19,Headphones,İzmir,Fatma Özkan,7,306.8022050204751,0.07025533404464569,1996.7339953478945
2023-03-17,Headphones,İzmir,Fatma Özkan,2,579.5590912645278,0.14186913984327146,994.6750829969623
2023-12-27,Laptop,İstanbul,Ayşe Demir,17,127.54363172771062,0.18122150312136576,1775.3097122317688
2023-10-10,Keyboard,Bursa,Ayşe Demir,1,928.4073382327457,0.14189140382865303,796.6743176860783
2024-02-28,Tablet,İzmir,Can Arslan,17,1057.3166254696591,0.0016517397481262462,17944.693630741276
2023-10-29,Laptop,İzmir,Fatma Özkan,1,710.7782662105656,0.24077570387394384,539.6401288654151
2024-12-04,Tablet,Ankara,Mehmet Kaya,9,824.1793304125238,0.026127830038731446,7223.807816514629
2024-07-06,Laptop,Antalya,Mehmet Kaya,7,1170.8201308156097,0.008900466919421946,8122.794994808844
2024-12-04,Keyboard,İzmir,Mehmet Kaya,13,1862.3820542225724,0.04956118180135505,23011.042582445665
2023-06-17,Monitor,İzmir,Fatma Özkan,8,1819.841454985282,0.21420979334005694,11440.10874400973
2023-09-25,Headphones,İstanbul,Can Arslan,7,1910.3645987908292,0.21641803533188647,10478.490718870511
2023-06-02,Keyboard,Antalya,Ali Yılmaz,15,1749.6155682120498,0.07700826849301375,24223.21054163429
2023-11-20,Tablet,İstanbul,Fatma Özkan,18,229.9553445428516,0.1788964556581105,3398.7086720009247
2023-03-25,Laptop,İstanbul,Fatma Özkan,19,741.8040190801693,0.2825177134856775,10112.393631347924
2023-04-15,Mouse,Ankara,Mehmet Kaya,11,1217.4501845222399,0.15064608298859605,11374.50691289243
2024-07-16,Tablet,İstanbul,Ali Yılmaz,7,1753.7122572593728,0.21719191663982815,9609.740916093151
2024-10-28,Headphones,Ankara,Can Arslan,6,1666.5845784637077,0.29737896802008995,7025.864258411842
2023-09-15,Laptop,İstanbul,Fatma Özkan,3,925.263489765681,0.025317714163362703,2705.513799617994
2023-12-23,Headphones,İstanbul,Ali Yılmaz,6,1698.9285078303183,0.2077478480007676,8075.878598528486
2024-10-19,Monitor,İzmir,Can Arslan,9,647.3113226175147,0.23669554797623799,4446.860529594048
2023-07-07,Monitor,Ankara,Mehmet Kaya,3,1722.2465584395034,0.27499057075236216,3745.9349830737992
2023-03-04,Phone,İzmir,Ayşe Demir,4,816.299739423318,0.15774377966199712,2750.134132758322
2023-10-17,Monitor,Antalya,Fatma Özkan,5,1785.6892186084262,0.10376323822135722,8002.001614143255
2023-05-28,Keyboard,Antalya,Ayşe Demir,18,1291.9595190367493,0.1021812499743875,20879.018648374782
2024-04-23,Keyboard,İzmir,Ali Yılmaz,17,1370.3852474832681,0.1817337748358071,19062.779379140145
2024-11-18,Monitor,Bursa,Ali Yılmaz,4,376.3514796203245,0.2916075769489773,1066.418146268317
2024-01-11,Keyboard,İzmir,Mehmet Kaya,13,799.2030903223105,0.011698803772473476,10268.09381252558
2023-12-29,Keyboard,Ankara,Mehmet Kaya,18,660.7522090868393,0.044118555169976516,11368.81397333804
2023-09-02,Tablet,Ankara,Can Arslan,5,1914.0417164628725,0.09419001521320584,8668.79049035262
2023-03-28,Tablet,Bursa,Ayşe Demir,9,1968.8256682604053,0.08652163134562371,16186.316936466395
2024-03-06,Tablet,Bursa,Ali Yılmaz,13,1942.9471996706338,0.23206166746036916,19396.82722545895
2023-03-10,Headphones,İstanbul,Ali Yılmaz,13,1106.324384199508,0.228570543781461,11094.865835356373
2024-01-14,Phone,İzmir,Mehmet Kaya,10,1662.289198903017,0.21270411728610952,13087.134421761166
2024-05-11,Headphones,Bursa,Can Arslan,12,1669.84259551415,0.16344829726355603,16762.915998950462
2024-01-20,Monitor,Antalya,Mehmet Kaya,13,1271.1569267710745,0.14666934953773542,14101.323173095267
2024-03-10,Headphones,İstanbul,Mehmet Kaya,18,1265.6416184109082,0.17081320835468483,18890.159632972653
2023-06-14,Phone,Antalya,Fatma Özkan,5,977.314773099312,0.16290737518729895,4090.514943409662
2024-10-20,Phone,İzmir,Can Arslan,2,1458.1793091390164,0.16001598862960878,2449.6946107757935
2023-05-20,Tablet,Antalya,Mehmet Kaya,7,293.4005872353542,0.2382631987648216,1564.4581736082712
2023-01-20,Laptop,Ankara,Fatma Özkan,6,340.1521403399755,0.13880268151961805,1757.6286668168968
2023-10-31,Monitor,Bursa,Fatma Özkan,6,1198.0264681560736,0.11259897237588055,6378.779513775565
2023-04-12,Keyboard,İstanbul,Mehmet Kaya,11,1841.5326856824358,0.10868042612957735,18055.335415380163
2024-04-09,Keyboard,Antalya,Mehmet Kaya,18,914.7388809447131,0.18063509560643384,13491.088843146166
2023-12-31,Keyboard,İstanbul,Fatma Özkan,13,906.3421424358091,0.25409065626211813,8788.637944661643
2023-05-27,Phone,İzmir,Mehmet Kaya,5,1045.3433535582528,0.18797775332796307,4244.210292500269
2023-10-14,Phone,Ankara,Can Arslan,11,1750.494259971665,0.15816785425194005,16209.8457289077
2023-11-16,Tablet,Antalya,Fatma Özkan,2,700.1442782102655,0.21991535695799802,1092.3435986911102
2023-10-13,Laptop,İzmir,Mehmet Kaya,18,1369.8015327719215,0.2485407898347351,18528.299602199233
2023-11-23,Tablet,İzmir,Ali Yılmaz,4,1676.5819641513178,0.22214283958605574,5216.56514334391
2024-07-02,Headphones,Antalya,Fatma Özkan,9,1543.926068951393,0.2537764319033196,10369.026180453511
2023-07-13,Phone,İstanbul,Ayşe Demir,14,596.6521985434658,0.20622190924087128,6630.532202098965
2023-12-24,Keyboard,İzmir,Mehmet Kaya,14,1626.0586595179832,0.28430640778934124,16292.636684459434
2023-10-17,Headphones,Antalya,Mehmet Kaya,6,634.1530720100541,0.02305862258284905,3717.1822539769196
2024-01-10,Mouse,Ankara,Fatma Özkan,16,982.6067741806858,0.043558953865398084,15036.887216581146
2024-04-18,Headphones,Bursa,Ayşe Demir,7,832.5467472284388,0.08775452732122253,5316.4090066681
2024-09-23,Tablet,İzmir,Can Arslan,7,979.0521233703937,0.06780869934479991,6388.6471060571785
2023-08-21,Tablet,Antalya,Can Arslan,19,747.7374640214204,0.1943452337971585,11445.946783388377
2024-12-26,Phone,İstanbul,Ayşe Demir,10,1651.7923837030569,0.16639720441052866,13769.38748788265
2024-10-21,Mouse,Ankara,Fatma Özkan,14,1653.9428490491837,0.24118755226575608,17570.45390379384
2023-01-22,Tablet,Bursa,Can Arslan,8,579.248291871093,0.14900862684538396,3943.482394374778
2023-10-17,Mouse,Ankara,Mehmet Kaya,9,1509.85820654609,0.095276038578335,12294.044080302503
2023-08-29,Mouse,Antalya,Ayşe Demir,18,588.530637750754,0.21209294623671485,8346.733935113229
2023-12-09,Mouse,İstanbul,Can Arslan,12,1494.7629094965394,0.09488104491879203,16235.258912851847
2024-10-12,Laptop,İstanbul,Mehmet Kaya,19,1151.7194974667445,0.25996439452472603,16193.955277264131
2024-03-27,Monitor,Ankara,Mehmet Kaya,13,873.6498182593965,0.11319409842189708,10071.851591685909
2024-07-21,Monitor,İzmir,Can Arslan,17,1389.6875696813233,0.1481442121370786,20124.827792421267
2024-12-29,Phone,Ankara,Can Arslan,11,1349.4515564775027,0.28981425153860313,10541.973900143095
2024-06-06,Laptop,Bursa,Ali Yılmaz,9,255.46159838917012,0.23454715900348067,1759.894256272519
2024-10-13,Headphones,Ankara,Ali Yılmaz,5,1022.2130590361328,0.11553603597075002,4520.553071387819
2024-07-06,Keyboard,Ankara,Mehmet Kaya,12,55.618440747948455,0.25768700562618885,495.43549552814414
2023-01-13,Mouse,Antalya,Can Arslan,4,1708.178602183796,0.06359821640959741,6398.1659591034695
2023-11-25,Tablet,İzmir,Ali Yılmaz,4,1371.7357406045862,0.18232563667581678,4486.532593391527
2023-06-11,Laptop,Bursa,Ayşe Demir,3,665.4733203385325,0.19344978120669412,1610.2129563604533
2023-05-29,Monitor,İstanbul,Fatma Özkan,11,767.1826761244981,0.017427585624104933,8291.937877817092
2023-04-28,Tablet,Ankara,Can Arslan,12,244.74030121554745,0.20641333315080415,2330.671678623774
2024-06-08,Headphones,Ankara,Ali Yılmaz,4,1900.2496138707043,0.009426546453381878,7529.347290450124
2024-01-22,Phone,İstanbul,Fatma Özkan,11,1761.4116883190238,0.012497045514804727,19133.39170907771
2023-08-18,Laptop,Bursa,Fatma Özkan,16,1557.1968896584244,0.15638881429624168,21018.699431343164
2024-11-28,Monitor,İzmir,Can Arslan,10,1551.8085129263372,0.24214666120946476,11760.432626848002
2024-11-04,Headphones,Antalya,Ali Yılmaz,1,1491.1017876865194,0.06697901565155889,1391.2292577109968
2024-09-29,Monitor,İzmir,Can Arslan,4,1119.344970581525,0.26377653445391536,3296.352133532442
2023-11-03,Laptop,İzmir,Ali Yılmaz,8,453.8350904443139,0.04569833569880364,3464.764657034342
2024-09-07,Keyboard,Antalya,Ali Yılmaz,2,1226.419021144139,0.14202026444847377,2104.48533487322
2023-05-04,Phone,Bursa,Ayşe Demir,4,1917.6901119269976,0.28281729572823366,5501.336721708121
2024-10-06,Monitor,Ankara,Mehmet Kaya,15,1144.5224087493852,0.23307840309816763,13166.384301120155
2024-06-12,Keyboard,Ankara,Fatma Özkan,7,324.56575034071835,0.18672409246979899,1847.7305361309784
2024-01-29,Keyboard,Antalya,Mehmet Kaya,11,1964.2239815122732,0.15817955427457694,18188.762983833498
2023-03-09,Phone,Bursa,Mehmet Kaya,11,1629.227365353143,0.28421857487593405,12827.8775396596
2023-04-12,Tablet,Bursa,Ali Yılmaz,15,168.226405829613,0.206999921192683,2001.0532962053219
2023-01-05,Monitor,Bursa,Ali Yılmaz,11,136.89945572492434,0.1246926560057717,1318.1200888332287
2024-02-26,Keyboard,Ankara,Can Arslan,14,198.66647504845074,0.0824111445143676,2552.11800848302
2024-08-20,Tablet,Ankara,Ayşe Demir,14,893.9912043084651,0.013169982792901535,12351.042977430043
2024-06-01,Headphones,Bursa,Can Arslan,11,1364.9805090957643,0.04109971891610141,14397.682132305687
2023-11-27,Headphones,Ankara,Mehmet Kaya,12,1923.2226022507396,0.059077711336028516,21715.236150240537
2023-09-09,Keyboard,Ankara,Ali Yılmaz,12,556.1064771933761,0.13109876569968626,5798.419253228685
2023-01-19,Phone,Ankara,Ayşe Demir,6,420.70991707826886,0.237778534886515,1924.044776299025
2024-07-24,Headphones,Ankara,Ali Yılmaz,11,820.6515563044419,0.2858690387993482,6446.57953185952
2023-09-04,Headphones,Ankara,Fatma Özkan,15,502.47766635715664,0.13747039511785014,6501.027945377145
2024-08-15,Keyboard,Bursa,Ayşe Demir,12,73.60107771340948,0.002711540723787653,880.8180647264988
2024-09-04,Monitor,Bursa,Ayşe Demir,11,139.81063167041492,0.24242378470674897,1165.0893011849485
2023-11-18,Phone,İzmir,Can Arslan,3,1794.5534552763875,0.00013283443116236525,5382.945230366896
2023-09-22,Tablet,İzmir,Ayşe Demir,19,1014.6166197030025,0.15381607434378844,16312.49321163012
2023-11-23,Laptop,İzmir,Fatma Özkan,3,162.52071041100277,0.13330960477245432,422.56541621632044
2024-12-18,Laptop,Ankara,Can Arslan,18,1330.4305937303584,0.07211967386805207,22220.646717716027
2023-02-27,Mouse,Antalya,Fatma Özkan,10,1687.6415161837854,0.22553165191172797,13070.249372040429
2023-07-12,Laptop,Ankara,Can Arslan,9,1903.3953826218267,0.17448668789675806,14141.504038951456
2024-10-12,Keyboard,Antalya,Mehmet Kaya,12,1529.613694826784,0.08474881979185568,16799.76887343305
2024-11-30,Phone,Ankara,Can Arslan,14,1571.7127308634192,0.14290071999032963,18859.593900070973
2024-02-03,Mouse,Bursa,Can Arslan,8,412.96500061902844,0.09946940972015812,2975.1009261789513
2024-09-06,Tablet,Bursa,Ali Yılmaz,4,625.7215148548022,0.2638489712184379,1842.5021475644803
2024-12-07,Phone,İzmir,Can Arslan,4,1402.5552120739007,0.23133684475556596,4312.3700588690035
2023-01-04,Keyboard,Ankara,Ali Yılmaz,17,1101.234377835217,0.08474172791100111,17134.535854981892
2023-10-06,Headphones,Antalya,Can Arslan,9,50.02268777296398,0.12496974854468765,393.9422855440252
2024-07-19,Tablet,Antalya,Ali Yılmaz,10,441.09248959231667,0.06107351326390813,4141.5342157859
2023-03-26,Headphones,Bursa,Mehmet Kaya,19,151.20683999525258,0.05733561284880079,2708.20875998669
2023-02-07,Keyboard,Bursa,Ali Yılmaz,5,1530.1844315538326,0.18288930349707058,6251.6503332244565
2024-06-25,Tablet,Antalya,Ali Yılmaz,16,1642.7199596859903,0.0544841903269808,24851.483083976455
2024-01-17,Keyboard,Bursa,Can Arslan,8,1338.9777957822746,0.023536744895137185,10459.700935861554
2023-07-21,Keyboard,Ankara,Ali Yılmaz,17,1906.8324821103095,0.012726689462067509,32003.60189332324
2024-05-19,Laptop,Bursa,Fatma Özkan,15,1443.1271199389223,0.22770158475657928,16717.871815854473
2023-04-12,Laptop,İstanbul,Ali Yılmaz,19,770.097501920305,0.27987745877090164,10536.72683146358
2023-03-29,Mouse,İzmir,Ali Yılmaz,15,1404.4610831439065,0.21869431849674492,16459.701355658246
2024-09-29,Laptop,İstanbul,Ayşe Demir,9,430.7191757651595,0.10360258567346635,3474.8599991107026
2023-09-19,Monitor,Bursa,Can Arslan,3,281.8050627952904,0.22941574244288374,651.4636352698361
2023-06-24,Headphones,İstanbul,Ali Yılmaz,3,990.8758194589533,0.15200179469482372,2520.7827497444646
2023-05-08,Monitor,Ankara,Ali Yılmaz,19,1575.23396302793,0.0373148493723973,28812.63255445391
2023-03-19,Mouse,İstanbul,Ayşe Demir,4,1140.0122364945594,0.15032636407865912,3874.553367908607
2023-06-17,Keyboard,Antalya,Ali Yılmaz,5,1450.9851972789727,0.2587921413447537,5377.408155078037
2024-06-08,Tablet,İzmir,Mehmet Kaya,12,492.11839554342833,0.2638023060529584,4347.5571353758805
2023-03-30,Monitor,Bursa,Fatma Özkan,2,1749.2573666721657,0.2018108982626694,2792.4763324229284
2024-06-02,Tablet,İzmir,Ayşe Demir,16,1964.7161112492513,0.18839801478122942,25513.079940499123
2024-05-14,Monitor,İstanbul,Ali Yılmaz,12,610.8838216351725,0.09203297985664236,6655.948358206488
2023-10-10,Monitor,İstanbul,Ali Yılmaz,5,1478.7631486510468,0.1213582156721609,6496.515457645047
2023-04-28,Keyboard,İstanbul,Ayşe Demir,16,700.2520575122205,0.20326228365106022,8926.675602734927
2024-03-25,Tablet,Bursa,Ali Yılmaz,13,1580.4805547698163,0.22004602394763115,16025.127205960236
2023-08-03,Tablet,İzmir,Can Arslan,18,1885.4812740716106,0.27441933448695105,24625.237637758877
2024-01-27,Mouse,Antalya,Ayşe Demir,17,251.0866566957478,0.16433540831499582,3567.0118835684834
2024-02-16,Tablet,İstanbul,Can Arslan,18,1423.8811346535183,0.12681859106817966,22379.517635547567
2024-12-31,Laptop,Bursa,Mehmet Kaya,3,450.3992304782596,0.14491190926766698,1155.393054170901
2023-07-27,Mouse,Bursa,Ayşe Demir,6,1938.64779681479,0.18109116016781251,9525.454908796955
2023-10-22,Keyboard,Antalya,Fatma Özkan,9,229.5306228608271,0.17971337614511446,1694.528097280352
2024-08-18,Keyboard,Ankara,Can Arslan,2,1422.39500643149,0.11197794433882767,2526.2362751469564
2023-10-10,Mouse,İstanbul,Ali Yılmaz,16,1187.9360862833962,0.15772686586774046,16009.066408683624
2023-02-28,Monitor,Ankara,Can Arslan,4,1896.1307714006214,0.03177174132112729,7343.549580082606
2023-09-23,Headphones,İzmir,Mehmet Kaya,16,63.03015198658117,0.23169030454960285,774.8268300320387
2024-09-01,Tablet,İstanbul,Can Arslan,1,80.02003879805153,0.17487781704127894,66.02630909348983
2023-05-17,Monitor,İzmir,Ali Yılmaz,10,828.1188694027477,0.251940481999328,6194.822022926808
2024-09-09,Tablet,İstanbul,Ayşe Demir,18,1498.5087010673167,0.09811339324554533,24326.728696757298
2024-05-21,Headphones,İstanbul,Fatma Özkan,15,554.4877022031098,0.13032099570198294,7233.394691212438
2023-03-14,Keyboard,Ankara,Mehmet Kaya,17,1116.408133458287,0.20120265761469766,15160.325450404865
2023-07-31,Headphones,İstanbul,Can Arslan,15,1490.5101439168045,0.004123666203403575,22265.45666415757
2024-07-28,Laptop,İstanbul,Can Arslan,11,532.7415520457785,0.01875788872285372,5750.232898239098
2023-03-02,Mouse,İzmir,Ayşe Demir,1,1362.0997537662556,0.024344753560871745,1328.939770935492
2023-10-31,Phone,Ankara,Ayşe Demir,6,797.4042673022926,0.14805029764632247,4076.089969102443
2023-11-15,Headphones,İzmir,Ayşe Demir,6,1498.618912652481,0.2213752180062076,7001.170944934874
2024-11-21,Tablet,Ankara,Ali Yılmaz,9,452.12393991407276,0.23991562918945836,3092.87106358174
2023-10-22,Laptop,Bursa,Fatma Özkan,1,1795.9248738486801,0.19993891425805072,1436.8496044823482
2024-07-21,Keyboard,Antalya,Ayşe Demir,11,1294.0108122352406,0.2500929402431875,10674.266278465395
2024-11-10,Monitor,Ankara,Fatma Özkan,11,1875.747211864407,0.019201903982586276,20237.02223407241
2023-03-04,Tablet,İzmir,Ayşe Demir,13,637.0398517769104,0.15078937278903914,7032.753157116019
2024-07-26,Keyboard,Bursa,Fatma Özkan,15,598.0242586930051,0.21388800235764172,7051.71066959623
2023-05-01,Laptop,Antalya,Can Arslan,5,1583.7186456621516,0.282759392256035,5679.536619550854
2023-08-30,Phone,İzmir,Can Arslan,15,1386.011904255244,0.0331295590233308,20101.409115992712
2023-03-10,Laptop,Bursa,Fatma Özkan,10,1094.3299390153616,0.10706579255133306,9771.646367820298
2023-11-15,Mouse,Bursa,Ali Yılmaz,13,650.201871777454,0.2741365331619778,6135.451202308401
2024-01-24,Monitor,Ankara,Ali Yılmaz,10,579.4225706546423,0.06953507708680501,5391.32377538337
2023-08-01,Headphones,İstanbul,Mehmet Kaya,13,1031.108321475503,0.0581589203810678,12624.822271133187
2024-09-21,Headphones,Ankara,Ali Yılmaz,12,1724.5903447314709,0.22450675609972193,16048.897930018888
2024-12-26,Laptop,Antalya,Can Arslan,13,1457.761993655575,0.11544108516633096,16763.192773518636
2024-09-15,Phone,Antalya,Ali Yılmaz,8,1732.7961780245769,0.15956672370225425,11650.396552427257
2024-09-11,Mouse,İstanbul,Ali Yılmaz,11,1478.2070363847038,0.2644987446998138,11959.454439399695
2024-09-25,Mouse,Bursa,Mehmet Kaya,4,280.9093263930672,0.06356829913203273,1052.2095932157395
2023-01-11,Tablet,İzmir,Fatma Özkan,8,1973.1810103052328,0.1244207480902413,13821.410823084781
2023-10-16,Tablet,İstanbul,Mehmet Kaya,3,1408.0381237204092,0.21064382885454883,3334.3307465003018
2024-03-24,Headphones,Ankara,Ayşe Demir,19,1116.036247443613,0.1726228161858445,17544.275621443878
2023-04-03,Phone,Antalya,Ali Yılmaz,7,328.5418313879471,0.20762209410731067,1822.3050184733138
2023-03-12,Headphones,Antalya,Ayşe Demir,17,1373.850563901789,0.231896016391676,17939.42154726361
2023-04-13,Headphones,İstanbul,Ali Yılmaz,17,1721.7523596036397,0.20197393180635945,23358.055520939466
2024-01-22,Phone,Antalya,Can Arslan,11,1392.8316771503573,0.07598171505681452,14157.021312885152
2023-01-25,Tablet,Bursa,Ali Yılmaz,1,956.8577341862565,0.26225120464710777,705.9206407200087
2024-02-29,Keyboard,Bursa,Mehmet Kaya,9,1086.5759237112366,0.15316853862280141,8281.320096362992
2024-10-20,Mouse,İstanbul,Can Arslan,15,959.3040244733318,0.02270991819293624,14062.774628330819
2024-06-25,Laptop,Ankara,Mehmet Kaya,16,455.51490061431036,0.01259562867287647,7196.438465139365
2024-06-01,Monitor,İstanbul,Fatma Özkan,15,179.80121943273457,0.19449540223562867,2172.460634050625
2024-11-15,Mouse,Ankara,Can Arslan,13,1978.9746202176127,0.06946453078951464,23939.5789981379
2023-08-09,Keyboard,Ankara,Can Arslan,3,479.2170855142686,0.10515616028584854,1286.4733705746391
2023-02-09,Keyboard,Bursa,Mehmet Kaya,11,1330.6224952071354,0.21262969656874628,11524.619015840635
2024-02-18,Keyboard,Ankara,Ali Yılmaz,9,60.3612775532746,0.2413483927295467,412.13862209420745
2023-11-13,Phone,İstanbul,Fatma Özkan,8,880.8384063708892,0.16440970699927202,5888.160176525965
2024-01-03,Headphones,Ankara,Fatma Özkan,17,78.52510481146764,0.062172689930663494,1251.930792910274
2023-02-13,Headphones,İzmir,Fatma Özkan,9,726.5771864823889,0.11722654569889113,5772.6274745469545
2024-03-17,Laptop,İzmir,Can Arslan,4,1712.5406621297684,0.16249392546502794,5737.052829687297
2024-07-27,Mouse,Bursa,Ayşe Demir,13,1439.9164686228205,0.11586359784510919,16550.07335763283
2024-09-07,Keyboard,İstanbul,Can Arslan,2,878.4591435927696,0.27235155416506024,1278.418861129542
2023-10-27,Keyboard,İstanbul,Ayşe Demir,2,310.61863375051007,0.13315775652639034,538.5147066899992
2024-10-19,Tablet,İstanbul,Ali Yılmaz,15,1291.685348236438,0.22446984939956877,15026.113989692627
2023-03-02,Laptop,Antalya,Fatma Özkan,14,476.4954453459582,0.1785909797782467,5479.567196624522
2024-08-08,Phone,Antalya,Fatma Özkan,6,1584.0812643792528,0.23209876946869973,7298.507713070438
2023-12-06,Monitor,İstanbul,Fatma Özkan,8,110.74073094711258,0.07787293478251475,816.9362018264005
2023-03-11,Headphones,Antalya,Mehmet Kaya,15,1136.8074806673658,0.011693796198339124,16852.708285075416
2024-11-20,Tablet,İstanbul,Mehmet Kaya,8,1485.6463209306728,0.1309258796188779,10329.094156482197
2023-03-18,Tablet,Ankara,Ayşe Demir,8,535.5670354127253,0.1730107196573269,3543.265577529829
2024-07-03,Keyboard,Bursa,Fatma Özkan,11,1870.4636127424137,0.24040439756214255,15628.755282350816
2024-07-26,Mouse,İzmir,Can Arslan,3,1163.766482313604,0.09120908173439989,3172.8612303255227
2024-04-03,Keyboard,Antalya,Mehmet Kaya,11,76.71217329738336,0.02406667393671422,823.5256307922436
2024-05-15,Keyboard,Ankara,Ali Yılmaz,4,125.92913254094795,0.25113588834919565,377.21523188493353
2023-08-23,Mouse,İzmir,Mehmet Kaya,16,858.889482808447,0.12070048657119982,12083.537669161302
2023-12-05,Laptop,Bursa,Can Arslan,19,912.4729206297138,0.21221910000987831,13657.746033975525
2024-10-26,Monitor,İzmir,Mehmet Kaya,14,774.3975901358967,0.18555811761545568,8829.825634340683
2023-07-10,Keyboard,Antalya,Mehmet Kaya,12,1013.5879577438712,0.25831358985099356,9021.172964991776
2023-06-19,Monitor,İstanbul,Mehmet Kaya,11,1674.0222086446977,0.10872939678474873,16412.074620639356
2024-11-24,Mouse,İzmir,Can Arslan,12,1025.7009201203432,0.20726519296524684,9757.305851843628
2024-05-25,Laptop,İstanbul,Ayşe Demir,19,1508.1989820307763,0.24307757600985938,21690.202957425758
2023-07-12,Phone,Bursa,Ayşe Demir,15,933.1765870218411,0.2846233185449133,10013.59155052903
2024-03-09,Monitor,Ankara,Ali Yılmaz,11,934.4790498495265,0.13646173284086047,8876.542613439371
2024-06-15,Tablet,İzmir,Fatma Özkan,13,349.6975335461988,0.17178216986460673,3765.1345216853124
2024-03-13,Mouse,İzmir,Fatma Özkan,8,1208.461422110939,0.21079206175746865,7629.818779118493
2023-01-29,Mouse,İstanbul,Fatma Özkan,16,1396.8255537386128,0.17903292598850687,18347.96460411636
2023-02-14,Keyboard,İzmir,Can Arslan,9,1994.613904812025,0.009007801598817844,17789.821366421114
2023-08-22,Laptop,İstanbul,Can Arslan,14,703.7941476526767,0.02010496132536299,9655.021509463439
2024-09-22,Monitor,İstanbul,Ali Yılmaz,10,1879.0322012960937,0.025531045835935604,18310.585440376042
2024-06-06,Mouse,Ankara,Fatma Özkan,2,976.1543822643091,0.01656675622290854,1919.9653411548247
2024-12-28,Mouse,Bursa,Can Arslan,3,1971.3424729602066,0.049806547092858235,5619.470133733687
2024-08-06,Monitor,İzmir,Can Arslan,10,550.1029689826937,0.1065959245421663,4914.642344105929
2024-09-28,Headphones,Bursa,Can Arslan,4,336.497750988353,0.10279354395675645,1207.6318185231282
2024-01-18,Phone,Ankara,Mehmet Kaya,14,1617.4195364427765,0.041144546445822945,21712.20160484515
2024-04-30,Mouse,İzmir,Fatma Özkan,16,389.7746332084901,0.2626216875365503,4598.581780421384
2023-03-06,Phone,Ankara,Ali Yılmaz,10,599.7421336642218,0.10914289234228004,5342.845425365784
2023-03-30,Mouse,İzmir,Fatma Özkan,8,1345.1933404899821,0.059773786322494214,10118.288329544734
2024-05-17,Phone,Antalya,Ali Yılmaz,9,1883.8174542364566,0.004746951599046245,16873.875575637816
2023-03-23,Headphones,İstanbul,Fatma Özkan,12,1389.726343635837,0.1974247754247571,13384.319188099958
2023-08-15,Mouse,Bursa,Mehmet Kaya,8,433.0174709504339,0.2854334476989276,2475.358410425451
2023-08-17,Tablet,İzmir,Can Arslan,14,1307.2532347247961,0.06894801773928552,17039.690017101537
2024-07-04,Laptop,Antalya,Mehmet Kaya,6,306.7244981468539,0.25641103502795926,1368.461712651526
2023-02-22,Tablet,İzmir,Fatma Özkan,3,406.5336707441934,0.2477132854682001,917.4896385321053
2024-02-10,Headphones,İstanbul,Mehmet Kaya,10,766.4119209592874,0.026105165490836624,7464.046109284952
2023-06-26,Keyboard,Antalya,Can Arslan,9,542.659759711509,0.15602221833334512,4121.935021809714
2024-08-18,Phone,Bursa,Can Arslan,13,1747.8046165447595,0.2377784439627404,17318.78660813408
2023-10-03,Monitor,Antalya,Ali Yılmaz,4,943.7310094457721,0.10536581620463427,3377.17608543158
2023-09-30,Mouse,Ankara,Mehmet Kaya,13,1892.0981777336356,0.1829824675788155,20096.40599551721
2023-11-11,Mouse,İzmir,Can Arslan,7,62.54866241875164,0.2317548858238212,336.36893011022784
2024-12-01,Phone,Ankara,Ayşe Demir,17,1422.9623790766111,0.280551626017948,17403.715487693105
2024-05-12,Headphones,Ankara,Can Arslan,11,109.40418830247225,0.061334511739281915,1129.633294137784
2024-07-20,Laptop,İzmir,Fatma Özkan,15,1825.6811485681224,0.1529562028651373,23196.478386610197
2024-04-23,Headphones,Bursa,Ali Yılmaz,9,1686.4017702115823,0.04820387541355355,14445.996024447963
2023-04-08,Laptop,Bursa,Ali Yılmaz,13,267.60634991663255,0.1824958500023315,2844.0009210934795
2023-03-13,Keyboard,Bursa,Ali Yılmaz,11,1612.8192636347596,0.1176280730713718,15654.170855851156
2023-05-19,Phone,İzmir,Ali Yılmaz,1,512.0199835679648,0.20321793896666182,407.96833779753894
2024-02-28,Phone,Ankara,Can Arslan,13,1662.3741938968685,0.15742069129842964,18208.8672882604
2023-08-21,Laptop,İzmir,Mehmet Kaya,11,620.4070296786914,0.09966167128419648,6144.338510468938
2024-03-25,Phone,İzmir,Fatma Özkan,17,1324.097822033427,0.05769296881008824,21211.013690650892
2023-01-28,Mouse,Antalya,Mehmet Kaya,4,733.3058375198849,0.27387930143240696,2129.874188014531
2024-11-06,Mouse,Antalya,Fatma Özkan,17,1427.1800169827613,0.18680686228493923,19729.74093360557
2024-05-08,Keyboard,Ankara,Fatma Özkan,3,327.39771756479007,0.09394896054893312,889.9171269404545
2023-07-29,Laptop,Bursa,Ayşe Demir,4,437.05759548043073,0.049465432969541534,1661.7534091494579
2024-01-02,Monitor,Antalya,Ali Yılmaz,2,419.31716487544986,0.0015079657829409343,837.3696978772358
2024-09-21,Mouse,İstanbul,Ayşe Demir,8,1176.8876697534722,0.27130793249815716,6860.70967432067
2023-01-05,Keyboard,Ankara,Mehmet Kaya,16,1579.2020400122703,0.1387173530737622,21762.229008849325
2023-04-15,Headphones,Bursa,Ayşe Demir,15,834.6922056336579,0.2653760664688841,9197.773070855412
2023-05-20,Phone,Bursa,Ali Yılmaz,2,410.03329182736996,0.1026322862590782,735.9012752895824
2024-03-08,Monitor,Antalya,Can Arslan,1,278.00089427451337,0.2046459484684905,221.10913759061702
2023-09-07,Tablet,Bursa,Ali Yılmaz,5,742.5067131199345,0.013574756705666357,3662.136825685037
2023-12-30,Phone,Bursa,Mehmet Kaya,18,256.41380996192225,0.2619058182089148,3406.6357427480366
2024-10-24,Keyboard,Ankara,Ayşe Demir,17,211.331377266158,0.07618133157710884,3318.941816213962
2023-07-11,Headphones,Ankara,Can Arslan,5,281.4827362427674,0.29417046811821707,993.3941397751792
2023-07-16,Laptop,İzmir,Ayşe Demir,1,1414.4251518939786,0.18508320821535057,1152.6388070009564
2023-04-18,Monitor,Ankara,Can Arslan,8,627.8973463509124,0.2814947185953948,3609.1804762645365
2024-03-13,Monitor,Ankara,Ali Yılmaz,7,1940.9610839560553,0.12937016093746737,11829.010453059096
2024-05-09,Mouse,Bursa,Ali Yılmaz,12,1070.9936461818331,0.06547796180811884,12010.405981444812
2024-09-04,Phone,İstanbul,Ali Yılmaz,10,750.4570566162462,0.2470656679835457,5650.4488263038775
2023-07-28,Tablet,İzmir,Can Arslan,16,756.9916032902344,0.24171435770046534,9184.253825860638
2024-06-12,Tablet,Ankara,Can Arslan,17,1677.4523575607805,0.10750039700150212,25451.134573922143
2024-03-04,Tablet,İzmir,Can Arslan,15,1656.0660409604984,0.11538332279363045,21974.754575831754
2024-02-19,Headphones,İzmir,Fatma Özkan,6,1374.4383448422802,0.022970477530061695,8057.201038353753
2024-02-11,Laptop,Ankara,Ayşe Demir,15,977.4125740529162,0.12232443150081967,12867.767048852107
2024-12-10,Keyboard,Ankara,Ayşe Demir,4,1146.268181575824,0.21442598293318374,3601.9140001455794
2023-01-13,Phone,Bursa,Mehmet Kaya,11,135.87873980750555,0.208000546120412,1183.7747649353014
2024-02-23,Keyboard,Bursa,Fatma Özkan,3,836.2551244598418,0.2500932031425517,1881.3402052179204
2023-11-13,Headphones,İstanbul,Mehmet Kaya,18,256.45492051560217,0.1064693050459662,4124.706180348375
2023-05-21,Tablet,Ankara,Can Arslan,16,473.06467943456505,0.08640160377721234,6915.058119057052
2023-07-06,Monitor,Bursa,Can Arslan,13,1434.7237943576947,0.02871871642331919,18115.764791302718
2023-05-16,Phone,İzmir,Ali Yılmaz,7,479.8697082785669,0.2658545316388035,2466.059202155635
2024-05-18,Monitor,İzmir,Ayşe Demir,16,836.2607347084544,0.22571936469113635,10360.007887262705
2024-10-19,Mouse,Antalya,Can Arslan,7,1476.4181048841212,0.2473414552813647,7778.670915528297
2023-06-22,Phone,Antalya,Ayşe Demir,14,259.84766028172476,0.23043845351426465,2799.5627421594572
2023-01-06,Mouse,Ankara,Ayşe Demir,9,651.5131489044938,0.1719126601857047,4855.588112973215
2024-09-15,Keyboard,İzmir,Ayşe Demir,11,1440.0496919288623,0.20900853343102457,12529.737195261134
2024-03-27,Laptop,İstanbul,Mehmet Kaya,5,1721.523731266198,0.246128046077706,6489.042295066234
2023-10-18,Tablet,İstanbul,Fatma Özkan,16,1257.7197355669773,0.13632094634398584,17380.259055663668
2024-05-29,Laptop,Bursa,Fatma Özkan,14,1391.6888362945513,0.0361162736367267,18779.967100520633
2023-08-21,Laptop,Ankara,Mehmet Kaya,15,868.7049604883193,0.14906865555001467,11088.124199380454
2024-12-27,Tablet,İstanbul,Fatma Özkan,2,383.32598472065416,0.1254434364488399,670.4805118343196
2023-01-25,Mouse,Ankara,Ali Yılmaz,14,816.552619740832,0.03007366911686299,11087.94241013534
2023-01-25,Tablet,İzmir,Fatma Özkan,16,367.8872719390281,0.07014384992791924,5473.315877531925
2024-06-06,Headphones,Antalya,Can Arslan,7,314.1460967496471,0.06944256412958943,2046.3169039603467
2024-07-29,Mouse,Bursa,Ali Yılmaz,10,1857.4868753456608,0.06410944247109852,17384.044273698677
2023-08-29,Keyboard,Ankara,Mehmet Kaya,16,72.03994634859382,0.23621158744478188,880.3724201944889
2024-03-06,Phone,Ankara,Fatma Özkan,13,1154.1192807176024,0.0018772413079410687,14975.385364284124
2024-04-18,Keyboard,İzmir,Mehmet Kaya,15,579.409404958287,0.2712729874222695,6333.469271020395
2024-07-28,Monitor,Bursa,Can Arslan,11,1621.0151704585169,0.06729556765605788,16631.20837821773
2024-01-11,Monitor,Antalya,Can Arslan,16,426.83635970662795,0.015167756387861685,6725.795356561857
2023-06-24,Monitor,Antalya,Ayşe Demir,7,150.02300551337038,0.14776061421428677,894.98859850709
2023-10-20,Headphones,İzmir,Fatma Özkan,15,1083.3841445139542,0.04841020751651493,15464.059398868974
2024-09-09,Headphones,Antalya,Mehmet Kaya,6,725.7895816422679,0.12231473119956757,3822.0889443374836
2023-08-12,Mouse,Antalya,Fatma Özkan,13,708.1883084734469,0.24085536269866378,6989.025635502582
2024-03-02,Tablet,Antalya,Fatma Özkan,15,629.7100483485866,0.06899812618897215,8793.918524552506
2024-07-03,Tablet,Bursa,Ali Yılmaz,9,1113.8851374945295,0.031677463792992,9707.400732437953
2024-05-31,Monitor,İzmir,Can Arslan,4,577.7556868644431,0.0243688904420018,2254.7056873159995
2024-10-10,Mouse,Bursa,Mehmet Kaya,10,1597.9453026206772,0.19782688862459927,12818.28755210935
2024-03-16,Headphones,Antalya,Mehmet Kaya,2,897.0049213753746,0.13393257653896462,1553.7334821748786
2023-07-13,Monitor,İstanbul,Can Arslan,11,593.9292483432797,0.03875233357293312,6280.044143920354
2023-12-07,Monitor,Ankara,Ayşe Demir,12,128.2707752164647,0.26697401290885875,1128.3097394159392
2023-12-14,Laptop,Bursa,Can Arslan,10,1593.353904734562,0.1807409492110365,13053.696075637257
2023-04-18,Keyboard,Ankara,Mehmet Kaya,8,231.8793212174313,0.2891469482635421,1318.6569849759157
2023-07-14,Monitor,İzmir,Ayşe Demir,17,1890.6601527790929,0.22974871177047296,24756.81811079962
2023-11-12,Tablet,Bursa,Fatma Özkan,10,1400.0908970011076,0.069999846794798,13020.847487122388
2023-12-27,Tablet,Ankara,Can Arslan,16,464.051249859438,0.036602224073066715,7153.055072491139
2023-12-29,Keyboard,İstanbul,Ayşe Demir,2,852.1804142545493,0.03791592672170013,1639.7384082280114
2023-07-20,Mouse,İstanbul,Ayşe Demir,16,104.31186960109508,0.18941259781447528,1352.86219835307
2023-11-17,Keyboard,Bursa,Fatma Özkan,2,1344.457725962814,0.28959081708911993,1910.2302291189253
2023-10-12,Phone,Bursa,Can Arslan,7,1025.5431436551326,0.020818225771255017,7029.3520846665015
2024-10-19,Tablet,Ankara,Ayşe Demir,12,343.8405996516259,0.2554782957912657,3071.96147074538
2024-11-15,Monitor,Antalya,Fatma Özkan,1,1683.1851264483084,0.18434573325348938,1372.897130111828
2023-10-21,Keyboard,Antalya,Mehmet Kaya,16,474.8881902721508,0.19855037553419944,6089.583388109742
2023-04-14,Keyboard,Bursa,Ali Yılmaz,13,1682.6628639200921,0.03821084203436432,21038.769687386757
2024-07-11,Phone,Bursa,Ali Yılmaz,9,948.3061681753038,0.14969133507412977,7257.176566218994
2023-04-19,Keyboard,Bursa,Mehmet Kaya,14,280.52631346762274,9.215653614724761e-06,3927.3321952800325
2023-10-14,Keyboard,İstanbul,Fatma Özkan,19,339.024051093683,0.027629626259876937,6263.481922108247
2023-09-08,Monitor,İzmir,Can Arslan,9,1128.5683435638246,0.24367743629710256,7682.0553262631165
2024-08-29,Tablet,Ankara,Can Arslan,5,808.016378359266,0.07208973703511003,3748.833450616423
2023-09-04,Laptop,Bursa,Fatma Özkan,11,1667.9595893271676,0.29303831184827583,12971.018797435501
2023-02-23,Mouse,İzmir,Fatma Özkan,14,954.4377869689758,0.09600819496871757,12079.255129650059
2024-03-12,Phone,İstanbul,Ali Yılmaz,2,1361.389162213616,0.20465750677652964,2165.541301044778
2023-01-29,Keyboard,İstanbul,Mehmet Kaya,3,1349.903315514776,0.03586859932561693,3904.452523086764
2023-07-31,Headphones,Bursa,Ali Yılmaz,7,1752.075872053046,0.14998769758943653,10425.002322012637
2023-04-12,Keyboard,Antalya,Mehmet Kaya,13,1363.7183804072051,0.23024964917721163,13646.395122645103
2024-04-20,Monitor,Antalya,Can Arslan,11,432.679147577023,0.03766493696954313,4580.205462310487
2024-09-18,Mouse,İzmir,Can Arslan,9,217.76270621423924,0.01710807420108581,1926.334851102871
2024-07-04,Keyboard,Bursa,Mehmet Kaya,10,1649.1316290085163,0.01247368795397813,16285.608756732285
2024-03-02,Keyboard,Bursa,Ali Yılmaz,10,350.1430440766648,0.29310950296355276,2475.1279046120826
2023-11-24,Keyboard,Bursa,Mehmet Kaya,7,959.0541026987361,0.05698084093726827,6330.844753958374
2024-10-27,Tablet,Bursa,Mehmet Kaya,19,1827.11142065333,0.00628023534801998,34497.097887566866
2024-08-22,Laptop,Antalya,Ali Yılmaz,4,822.0775910821022,0.2268761374267303,2542.271210209295
2024-01-01,Mouse,İzmir,Fatma Özkan,9,539.2142447868655,0.03613420199896963,4677.571515105135
2024-06-23,Keyboard,İstanbul,Ayşe Demir,19,199.60951236312619,0.04981575644446091,3603.650456713695
2024-06-30,Tablet,Bursa,Ali Yılmaz,3,930.8919781638155,0.10641856701906378,2495.4833633942417
2023-04-03,Headphones,İstanbul,Mehmet Kaya,6,805.1851022784406,0.1979070818791423,3874.9996098837346
2024-07-29,Tablet,Bursa,Ayşe Demir,6,937.9971141871848,0.12448813082390414,4927.365640342837
2024-06-02,Tablet,İstanbul,Ayşe Demir,17,345.2930130214284,0.1432248568441061,5029.254001256792
2024-01-26,Headphones,Ankara,Mehmet Kaya,1,297.30684397331663,0.11752273516868345,262.36653048520344
2024-05-30,Laptop,Bursa,Mehmet Kaya,4,1127.1139687436068,0.1785689198158205,3703.3857793429543
2024-04-01,Headphones,İzmir,Can Arslan,19,626.1624530221807,0.15899110230642619,10005.555693472477
2023-10-10,Tablet,İstanbul,Ayşe Demir,16,1138.7870143750215,0.2609813498693067,13465.357474396651
2023-01-31,Monitor,Antalya,Ali Yılmaz,7,1882.158748599073,0.22654008523355876,10190.420416878456
2023-02-08,Laptop,Bursa,Mehmet Kaya,2,1278.6815973802436,0.24859587183548676,1921.613261759018
2024-06-13,Mouse,Antalya,Can Arslan,1,680.0444182493577,0.29632486172975653,478.5303500415241
2023-03-31,Headphones,Bursa,Mehmet Kaya,5,874.1792658884688,0.2986913500784425,3065.3474037483015
2024-06-25,Laptop,Ankara,Ali Yılmaz,10,1628.866320718484,0.2851598462863227,11643.79051081433
2023-06-04,Phone,İstanbul,Can Arslan,12,1638.0542195740845,0.08410042576542374,18003.51794737266
2024-12-02,Headphones,Ankara,Fatma Özkan,7,792.8560977957762,0.016369622484809686,5459.141399530561
2023-09-16,Phone,İzmir,Ayşe Demir,12,1516.6509641099638,0.2716616513786703,13255.620703617584
2023-12-30,Keyboard,Ankara,Mehmet Kaya,4,438.85261562914326,0.07934154500015723,1616.1334843110676
2023-04-08,Headphones,Ankara,Fatma Özkan,6,958.9267706840535,0.13361595779336166,4984.79311059245
2023-03-26,Phone,İzmir,Fatma Özkan,19,1270.0190393831892,0.17148229484488314,19992.431940248254
2024-03-04,Tablet,Antalya,Can Arslan,10,602.5599343376805,0.2511711654665454,4512.142533666402
2023-09-08,Phone,Ankara,Can Arslan,15,328.7737113214667,0.22268806145107883,3833.3959633681893
2023-01-29,Phone,İzmir,Fatma Özkan,15,1716.8712686585598,0.28572459179899307,18394.7838937451
2023-03-08,Phone,Ankara,Fatma Özkan,15,1036.1086503736792,0.018612425086966287,15252.362336049622
2024-07-10,Phone,Antalya,Mehmet Kaya,16,443.59157895932833,0.07743117874814053,6547.9001618841385
2023-11-23,Phone,Ankara,Ali Yılmaz,17,1308.8657537834847,0.01367554738460064,21946.42706850814
2024-05-05,Tablet,İstanbul,Ali Yılmaz,18,381.2797927771617,0.0380833241264918,6601.6690352270525
2024-10-27,Tablet,İstanbul,Fatma Özkan,11,1396.916314470863,0.2186358666769728,12006.503359194556
2023-01-25,Mouse,Antalya,Mehmet Kaya,14,607.5060408538446,0.20171694383961133,6789.46490500187
2023-11-15,Laptop,Bursa,Mehmet Kaya,15,856.6734240212577,0.1958918765723818,10332.870890700686
2024-04-25,Monitor,İstanbul,Ayşe Demir,16,1915.6048460842321,0.17980791751264968,25138.622846922983
2024-03-07,Phone,Antalya,Can Arslan,5,239.08305838257826,0.053709491232475134,1131.210144772729
2024-01-02,Mouse,Ankara,Ayşe Demir,13,976.4252520901978,0.27673028509683734,9180.844578145838
2024-05-09,Headphones,Ankara,Ali Yılmaz,11,1695.3223357752227,0.09747683832199239,16830.744420019186
2024-06-21,Tablet,Antalya,Fatma Özkan,9,1279.899016759262,0.22190486932893244,8962.948734219619
2024-12-26,Phone,İzmir,Ayşe Demir,12,1475.1971742635128,0.12600330128869885,15471.809523054604
2024-11-29,Laptop,İzmir,Fatma Özkan,17,1916.5340788625074,0.26704141603407416,23880.58177761356
2023-05-07,Keyboard,Antalya,Fatma Özkan,16,1283.9650907899384,0.2306760133713505,15804.5622774165
2024-11-15,Tablet,Bursa,Can Arslan,8,298.7618404141732,0.12272554459046287,2096.7690467719585
2024-10-07,Phone,İzmir,Mehmet Kaya,11,865.8595900877503,0.10734337480067792,8502.068295426196
2024-05-05,Mouse,İstanbul,Can Arslan,7,1129.2699636092073,0.17108608161941713,6552.473133113644
2024-04-10,Keyboard,İzmir,Ayşe Demir,7,1571.4146646444854,0.1691678763166207,9139.072481096482
2024-10-07,Keyboard,İstanbul,Can Arslan,13,854.1859679123389,0.05872668192168738,10452.29198354617
2023-10-23,Headphones,Antalya,Ali Yılmaz,5,1828.3211891892847,0.018278616516215984,8974.510036518108
2023-01-28,Laptop,Ankara,Ali Yılmaz,18,860.2524229710286,0.2724045268124923,11266.483837541502
2024-07-03,Tablet,Antalya,Mehmet Kaya,14,254.11814254429004,0.03857894578816575,3420.4034549899825
2023-12-21,Laptop,İzmir,Ayşe Demir,17,755.2118349400369,0.037612604770161984,12355.707961469705
2023-02-04,Tablet,İstanbul,Fatma Özkan,13,1014.3161939847954,0.03650859201800168,12704.704192457579
2024-04-26,Laptop,Ankara,Can Arslan,19,1626.3700204928446,0.18349392581699772,25230.879011429286
2023-07-01,Keyboard,İstanbul,Ali Yılmaz,10,402.5310435966401,0.08063928450905945,3700.71228248322
2024-03-14,Mouse,Ankara,Ali Yılmaz,13,1196.583677454474,0.12794992417255832,13565.251526554688
2023-02-17,Keyboard,Ankara,Ayşe Demir,18,602.4045868105258,0.12009385085189822,9541.071003772855
2023-11-25,Phone,Bursa,Ali Yılmaz,13,1607.3787716954412,0.27982588171809397,15048.703665460625
2023-09-29,Phone,İzmir,Ali Yılmaz,5,944.11119626468,0.16937719168003904,3921.0014660384313
2024-10-19,Phone,Ankara,Can Arslan,13,86.94353657999142,0.22077538606559663,880.7310684332613
2023-07-08,Phone,İstanbul,Mehmet Kaya,16,673.4992310450051,0.017135149011132975,10591.339541794647
2023-04-27,Keyboard,İzmir,Can Arslan,10,1725.267927411487,0.15001747775732602,14664.475844856064
2023-09-25,Headphones,Ankara,Fatma Özkan,9,1532.010812676092,0.09377940747249004,12495.05771779692
2024-07-25,Phone,Antalya,Can Arslan,14,779.1969122341816,0.2658864649367153,8008.265996508834
2023-03-30,Phone,Ankara,Fatma Özkan,12,156.2087923653333,0.054737412195747015,1771.8999277083863
2024-10-26,Headphones,Ankara,Fatma Özkan,10,1465.916955722042,0.11008842210216015,13045.364711338003
2023-04-09,Mouse,İzmir,Fatma Özkan,5,502.8381472576191,0.121597608194086,2208.4711562117354
2024-04-11,Tablet,İstanbul,Fatma Özkan,15,1514.9939025288454,0.2690985868093233,16609.667765003873
2023-07-02,Tablet,İstanbul,Mehmet Kaya,6,1301.0587050357392,0.0076709397269204005,7746.47017276935
2023-11-01,Laptop,İzmir,Ayşe Demir,16,1627.211330808784,0.2626465951187689,19197.27704373082
2024-12-03,Headphones,Antalya,Mehmet Kaya,10,1541.0693532505034,0.04400853420455446,14732.491499063879
2023-08-03,Tablet,Antalya,Ali Yılmaz,17,1355.246119269459,0.06938397849478663,21440.633778473708
2024-01-18,Keyboard,Ankara,Fatma Özkan,3,395.3979311865954,0.0015418882756680907,1184.364815256826
2024-08-24,Headphones,İzmir,Mehmet Kaya,16,660.1931186562041,0.25755193636546636,7842.545641138282
2024-09-12,Laptop,Antalya,Fatma Özkan,3,1752.4341366796466,0.0506575390111185,4990.980408109144
2024-09-07,Phone,İzmir,Ali Yılmaz,16,1705.7411389194183,0.11501914231747767,24152.77209768431
2024-07-06,Keyboard,İzmir,Ayşe Demir,1,418.93179516119204,0.21611519957593373,328.39426664122686
2024-11-29,Phone,İstanbul,Mehmet Kaya,16,1665.9825184451124,0.24886881470491495,20021.94278016909
2024-01-07,Phone,İzmir,Fatma Özkan,14,1358.475312039174,0.20910724980128984,15041.715858619986
2024-02-19,Phone,İstanbul,Fatma Özkan,18,845.1671670920172,0.2659141085880425,11167.655278443519
2023-12-01,Phone,İzmir,Ayşe Demir,4,504.49198318712814,0.2085562398630197,1597.108128530332
2024-12-02,Phone,Antalya,Ali Yılmaz,2,1562.2353286020489,0.11793653946212374,2755.981400242499
2023-09-13,Tablet,Bursa,Ali Yılmaz,13,1952.7686961704187,0.11074085814276134,22574.726395028407
2023-08-24,Tablet,İstanbul,Can Arslan,2,376.5465018100776,0.13877806413154592,648.5802144667388
2024-12-04,Headphones,İstanbul,Mehmet Kaya,2,193.0599315462252,0.19894387469256264,309.30368143307646
2024-07-21,Tablet,Antalya,Fatma Özkan,3,1795.3603777996746,0.25597274075913523,4007.3911837318064
2023-05-08,Laptop,İzmir,Ali Yılmaz,16,550.4620540128868,0.22563429980909244,6820.142942147429
2024-08-19,Phone,Ankara,Ali Yılmaz,7,1699.0243684408176,0.07788098511254356,10966.918738275006
2024-03-23,Keyboard,İstanbul,Can Arslan,8,983.474473032769,0.2586228427729791,5833.004072179014
2023-09-22,Keyboard,Bursa,Ayşe Demir,6,1479.0754152970703,0.2628577434808668,6541.7339351643395
2023-11-23,Laptop,İstanbul,Ali Yılmaz,4,1049.1660004276077,0.10464957223758904,3757.4849091065457
2024-11-13,Keyboard,İstanbul,Fatma Özkan,10,265.6770178026636,0.010677069241942916,2628.403658875917
2024-08-04,Tablet,Ankara,Ayşe Demir,10,585.2880133388026,0.18739919228511503,4756.055123849514
2024-03-15,Mouse,Antalya,Ali Yılmaz,5,1388.7021889343425,0.24452163020274204,5245.672329150005
2023-03-20,Mouse,İzmir,Ayşe Demir,2,948.430520471264,0.29665216239109893,1334.1531113914962
2023-09-05,Mouse,Ankara,Ayşe Demir,1,1778.67992695171,0.11959274826391919,1565.962706205688
2023-12-29,Headphones,Antalya,Ayşe Demir,14,1724.5847881854727,0.09776440278473711,21783.745008436286
2023-10-25,Keyboard,İzmir,Fatma Özkan,6,1984.1839320976087,0.28541905859373184,8507.160132729
2024-01-04,Phone,İzmir,Ali Yılmaz,3,758.3819529778541,0.13159425007381645,1975.7497458186515
2024-04-03,Monitor,Antalya,Mehmet Kaya,9,1097.2305637468498,0.251999328181303,7386.562789403862
2023-06-07,Mouse,Ankara,Ali Yılmaz,6,674.7825079734191,0.04928605298172278,3849.1508492058088
2023-04-20,Tablet,İzmir,Mehmet Kaya,12,90.47816264173021,0.22826579330145289,837.9011168382934
2024-04-21,Tablet,Antalya,Ali Yılmaz,19,979.2266181228628,0.2213641245506227,14486.758526243138
2024-06-11,Monitor,İzmir,Can Arslan,8,463.95700125375305,0.03466751300418952,3582.98212703523
2024-09-03,Mouse,İzmir,Ali Yılmaz,7,438.47838738229916,0.08525528871351863,2807.6705010996825
2023-06-11,Tablet,Antalya,Fatma Özkan,14,1111.8828830766172,0.04796392900993241,14819.736559675199
2024-10-20,Mouse,Ankara,Ayşe Demir,17,1031.5230046820004,0.23893216845704318,13346.00259812009
2023-12-06,Laptop,Antalya,Ayşe Demir,6,1596.60064902796,0.0661526361409944,8945.887843382026
2023-04-07,Phone,Ankara,Can Arslan,7,558.7912303178277,0.2908847816713014,2773.73155700892
2023-04-07,Phone,Bursa,Can Arslan,5,325.3381738975106,0.22905475310046366,1254.089594006303
2024-08-31,Phone,Antalya,Ayşe Demir,3,1273.954310459677,0.057604825422011015,3601.7051844300863
2024-06-29,Laptop,İstanbul,Ali Yılmaz,7,1780.5644334151207,0.18763003504997802,10125.339464552882
2024-08-16,Keyboard,İstanbul,Ali Yılmaz,14,1359.2418416552869,0.2778924830763588,13741.262516469831
2023-01-10,Phone,Ankara,Ayşe Demir,4,1126.2759040679098,0.07255145862460594,4178.251777656145
2023-04-07,Mouse,İzmir,Ayşe Demir,19,1303.4503874873028,0.1802836453613157,20300.732401585978
2024-07-06,Phone,İzmir,Fatma Özkan,17,426.6620163964438,0.14139248237223634,6227.698650991515
2024-03-17,Mouse,Bursa,Ayşe Demir,7,855.5594255679313,0.05980364684135494,5630.756962806319
2024-03-19,Tablet,Ankara,Ali Yılmaz,11,158.6946644955114,0.1829438284644351,1426.2870051740583
2024-03-02,Headphones,İstanbul,Can Arslan,8,453.7613125969141,0.16319193338549023,3037.689013589487
2024-12-28,Headphones,İstanbul,Ayşe Demir,9,718.535981370629,0.03344630635163458,6250.532461317311
2024-01-03,Tablet,Ankara,Mehmet Kaya,18,1774.7335188136803,0.16619797665093927,26635.97518006041
2023-10-01,Mouse,Bursa,Can Arslan,13,689.2844877575665,0.11162467648886877,7960.463287436823
2024-03-08,Headphones,Bursa,Ayşe Demir,15,1767.7455630622674,0.014881772504844825,26121.575636194888
2023-03-20,Keyboard,Bursa,Can Arslan,19,219.86311444979637,0.14621533250161287,3566.599365247905
2023-06-03,Mouse,Bursa,Ali Yılmaz,18,1667.3010427776305,0.05710109252851426,28297.73396989974
2023-09-30,Monitor,İstanbul,Fatma Özkan,17,658.7741733834565,0.21753334797999482,8762.969972038194
2023-02-18,Phone,Ankara,Mehmet Kaya,8,1598.17351023111,0.28229769677233113,9176.102474002528
2023-02-15,Tablet,Bursa,Can Arslan,1,149.96374539319643,0.12056288137102185,131.88368414740236
2024-04-08,Mouse,Antalya,Fatma Özkan,6,1287.7510751528575,0.055925941456192375,7294.3943034822605
2023-08-21,Tablet,İzmir,Ayşe Demir,14,619.2267883207242,0.2245826125745497,6722.229057929116
2023-10-28,Monitor,İzmir,Fatma Özkan,4,1444.4937886429313,0.2871404497619388,4118.884769974693
2024-02-02,Monitor,İstanbul,Fatma Özkan,12,1094.4872761457702,0.1854872396264364,10697.68622984681
2024-09-01,Monitor,Ankara,Can Arslan,16,51.83965977188062,0.01177951549459807,819.6642191418089
2024-04-01,Phone,Antalya,Ali Yılmaz,16,1123.7878955113003,0.04594335002518685,17154.517037980106
2024-11-29,Tablet,İzmir,Fatma Özkan,8,1551.00591457132,0.29262311030542354,8777.165917978818
2023-12-05,Mouse,Bursa,Can Arslan,14,183.45938302312095,0.2692191954964759,1876.9603372709907
2023-10-05,Mouse,Bursa,Fatma Özkan,19,423.8856239110196,0.1666491840508894,6711.6631805515735
2023-01-19,Tablet,Bursa,Mehmet Kaya,11,214.3155140039096,0.1068279255499265,2105.626954526763
2023-03-10,Keyboard,İzmir,Ayşe Demir,5,1427.8780515387245,0.160604330418497,5992.773265760397
2023-09-28,Keyboard,Antalya,Ali Yılmaz,8,678.031693631673,0.16792339840010248,4513.3944593125225
2024-09-09,Headphones,İzmir,Ayşe Demir,12,426.09760894474783,0.027814443243080966,4970.951294216899
2024-06-29,Laptop,Ankara,Ayşe Demir,17,286.54084611079156,0.09083253848159015,4428.731432558057
2024-05-30,Mouse,Antalya,Ayşe Demir,10,1437.9669927323514,0.2695065825502996,10504.254227009238
2023-07-16,Keyboard,Ankara,Fatma Özkan,17,1456.2080968458063,0.055135399532370344,23390.63118760698
2024-09-28,Keyboard,İzmir,Ali Yılmaz,12,1005.0824425770695,0.15859698119678267,10148.15281596549
2024-10-12,Monitor,Antalya,Fatma Özkan,10,1635.6379275775705,0.07724369284311745,15092.952138972154
2024-04-21,Mouse,Bursa,Can Arslan,14,1719.202096041648,0.22498610454072235,18653.6771894899
2024-10-22,Monitor,Ankara,Fatma Özkan,7,611.3653722358777,0.21740887627854735,3349.143795637218
2023-10-21,Tablet,Antalya,Fatma Özkan,12,1711.8141628432643,0.012280183312303615,20289.51325352342
2024-01-25,Laptop,İzmir,Ayşe Demir,6,995.7850756718805,0.025620909048816497,5821.632940895534
2024-12-12,Headphones,Antalya,Ali Yılmaz,7,992.8212659582674,0.12874484758749655,6055.004503735913
2023-12-18,Monitor,Ankara,Mehmet Kaya,10,1034.5773299377715,0.23062413940875387,7959.788235690667
2024-06-27,Mouse,Ankara,Ali Yılmaz,11,1594.27446477934,0.12069211241471157,15420.439230419166
2023-08-20,Tablet,Antalya,Ali Yılmaz,2,561.6963341541388,0.1265137852577749,981.2680095097653
2023-08-14,Monitor,İzmir,Mehmet Kaya,18,725.083929026639,0.19613602533733848,10491.639284724717
2023-03-29,Headphones,Bursa,Can Arslan,10,838.2712021087264,0.29797955892892397,5884.8351904154915
2023-07-13,Mouse,Ankara,Fatma Özkan,1,1221.5446912122572,0.21025970917316397,964.7030596959457
2023-02-11,Keyboard,Ankara,Can Arslan,19,442.85464605438926,0.07956256109904873,7744.779928174098
2024-12-20,Laptop,Bursa,Ayşe Demir,8,385.2294875678535,0.16419740530184582,2575.8064421076183
2024-02-14,Tablet,Antalya,Mehmet Kaya,3,1711.4944108191512,0.16776543953053744,4273.094396202054
2023-09-07,Phone,Bursa,Ayşe Demir,11,1499.698589214579,0.15984811122041828,13859.720625615726
2024-04-29,Tablet,Bursa,Ayşe Demir,5,818.475797910281,0.25528556982204,3047.6536872760303
2023-07-23,Phone,Bursa,Ali Yılmaz,15,1765.6836084858624,0.19460488600720935,21331.094266975095
2023-11-26,Monitor,Antalya,Ali Yılmaz,14,653.8988366551188,0.06053848447573707,8600.379089169985
2024-09-30,Phone,Bursa,Mehmet Kaya,15,408.8873054979164,0.22693532639667352,4741.444970479355
2024-07-30,Monitor,İzmir,Fatma Özkan,5,1991.2463876309394,0.1350830431324772,8611.313829816
2023-08-25,Headphones,İstanbul,Mehmet Kaya,7,457.7398609497478,0.03910593901297966,3078.8765970454606
2023-05-24,Tablet,Antalya,Fatma Özkan,8,1152.5610825174492,0.006302747095908223,9162.374252014044
2024-02-13,Monitor,Bursa,Ayşe Demir,5,638.5282708422527,0.011219097122639188,3156.8228007806133
2024-06-04,Monitor,Antalya,Fatma Özkan,3,310.7065260789006,0.2806183469003396,670.5497230784767
2024-09-06,Mouse,Antalya,Ayşe Demir,14,243.4977123845612,0.12859328376255952,2970.5975874450287
2023-06-30,Laptop,İstanbul,Can Arslan,19,449.3646976596085,0.2393994105657672,6493.954024305846
2024-11-08,Phone,Antalya,Can Arslan,19,522.4014572902964,0.06104639836659376,9319.703866604015
2023-01-04,Phone,Ankara,Fatma Özkan,12,516.0783425985895,0.18866186909645263,5024.5684546048815
2024-06-04,Headphones,Antalya,Ayşe Demir,11,1897.9880452753453,0.0656315125232639,19507.62241024136
2023-08-14,Laptop,Bursa,Can Arslan,9,310.0217112669223,0.07276328297489122,2587.171623854825
2023-01-28,Mouse,Bursa,Fatma Özkan,5,614.0256104983529,0.11080623902682969,2729.9387096643864
2024-12-30,Laptop,İzmir,Mehmet Kaya,3,1175.5713423674529,0.202211360227487,2813.5723865486325
2023-03-31,Laptop,Bursa,Ali Yılmaz,9,1191.328815251907,0.07692390830968254,9897.184320307078
2024-07-14,Phone,İzmir,Mehmet Kaya,2,1720.8289319601938,0.1400634297369313,2959.6074595186174
2024-04-18,Laptop,Antalya,Mehmet Kaya,4,1880.8101015274324,0.08848374721270261,6857.555903795126
2024-02-24,Keyboard,İstanbul,Ayşe Demir,18,987.0918846307227,0.020626171926746237,17401.175238795004
2023-11-07,Headphones,Bursa,Fatma Özkan,15,1654.2706973485524,0.0934145819677753,22496.06537541296
2023-05-25,Mouse,Antalya,Can Arslan,19,644.5610925508738,0.05780291894601009,11538.768019285675
2023-03-03,Monitor,Bursa,Fatma Özkan,19,969.6714121307602,0.06824448110806199,17166.437105526922
2024-03-03,Headphones,Bursa,Mehmet Kaya,2,1650.062063104675,0.0021426245304735137,3293.0531993029263
2023-02-11,Laptop,Antalya,Can Arslan,10,546.7599793066017,0.10556545030410193,4890.410158828389
2023-05-08,Keyboard,Antalya,Ali Yılmaz,17,599.5587564261704,0.05529041908502972,9628.951325793558
2024-12-25,Laptop,İstanbul,Ali Yılmaz,5,87.92369821775829,0.056638208332033334,414.7192874038903
2024-03-20,Tablet,İzmir,Mehmet Kaya,4,1145.7737443633434,0.033580373440436774,4429.192936597499
2024-08-31,Tablet,Antalya,Mehmet Kaya,17,1974.040842653197,0.07526204151483315,31032.998479624748
2023-04-05,Tablet,İstanbul,Ali Yılmaz,7,704.8419110509923,0.18452092620440938,4023.486801573241
2023-05-07,Tablet,Bursa,Fatma Özkan,6,593.4539160606253,0.287661561957123,2536.4402137023267
2024-09-23,Headphones,Ankara,Ali Yılmaz,19,839.6887453835675,0.2996378807446963,11173.637595401586
2024-01-22,Mouse,Antalya,Mehmet Kaya,9,922.7261174568207,0.21900051632425843,6485.837591771088
2023-08-25,Tablet,Antalya,Fatma Özkan,12,219.58568949906947,0.09096593515327515,2395.3304628901187
2024-01-03,Phone,İzmir,Can Arslan,13,727.0247267463133,0.23825470359515505,7199.499657597284
2024-05-23,Mouse,İzmir,Mehmet Kaya,7,1161.8541819216532,0.18305880269575034,6644.165825304173
2023-11-11,Monitor,İstanbul,Ali Yılmaz,15,1091.5724074646096,0.20650152346396944,12992.415635279023
2023-01-19,Laptop,Antalya,Ayşe Demir,7,1089.9809183262298,0.12169357783417124,6701.360684228947
2024-03-04,Monitor,İstanbul,Can Arslan,12,1697.773862453763,0.017715043337481584,20012.372698837815
2023-07-15,Keyboard,Antalya,Ayşe Demir,10,1981.0560826406354,0.18340249687431784,16177.25450636288
2024-06-12,Tablet,İzmir,Mehmet Kaya,17,1796.6663932544734,0.008683295023010117,30278.111951366594
2023-09-22,Phone,Bursa,Fatma Özkan,3,1174.1533611227385,0.1026208303972666,3160.982304571744
2023-03-17,Monitor,İstanbul,Can Arslan,17,1513.6669906510465,0.07079898177277126,23910.51545248826
2024-01-14,Keyboard,Bursa,Ayşe Demir,16,1935.588603505715,0.1713597551888741,25662.505828201614
2024-06-13,Keyboard,İstanbul,Can Arslan,18,1742.5602721252606,0.1749317271839694,25879.161492003976
2023-06-11,Phone,Bursa,Ayşe Demir,6,561.8457654061525,0.17436464324681497,2783.27837376825
2024-12-13,Tablet,İzmir,Mehmet Kaya,18,532.8817039893055,0.10441558664319614,8590.329868605051
2023-01-04,Phone,Bursa,Ali Yılmaz,12,363.23554460617385,0.051907160925349305,4132.572224861931
2023-06-08,Phone,Bursa,Can Arslan,6,257.502937660547,0.2465257250956171,1164.131035437175
2023-08-05,Laptop,İstanbul,Fatma Özkan,10,675.4304855075638,0.057677375540427574,6364.734277434907
2023-12-24,Monitor,Bursa,Ayşe Demir,2,917.1899148737548,0.172963496985342,1517.099079595004
2023-05-02,Laptop,Bursa,Ali Yılmaz,19,1234.2826127464787,0.026573501890993223,22828.18462665016
2023-04-29,Mouse,Ankara,Can Arslan,19,461.3912867089033,0.2524866022628322,6553.0271998678245
2023-03-19,Tablet,Ankara,Can Arslan,18,653.8542972825204,0.2813477399955201,8458.089632203038
2023-03-15,Keyboard,İzmir,Can Arslan,12,992.9222090412196,0.06602701981418173,11128.350176050968
2023-09-26,Mouse,Bursa,Ayşe Demir,7,1444.9600246963348,0.08134267601417641,9291.961766878172
2024-12-23,Headphones,Ankara,Ali Yılmaz,13,765.0238154208138,0.11727522805234868,8778.971149024179
2024-05-30,Keyboard,İzmir,Mehmet Kaya,4,521.2348955974111,0.020411194227500904,2042.3834756208846
2023-11-06,Keyboard,Bursa,Ali Yılmaz,8,228.40066085554452,0.22398096139326115,1417.9460900341078
2023-05-21,Keyboard,İstanbul,Fatma Özkan,8,503.1878901181056,0.19068959959201198,3257.881542655478
2024-08-11,Monitor,Ankara,Fatma Özkan,11,1739.1540970219573,0.13325518437645129,16581.430768806593
2023-04-17,Phone,İzmir,Mehmet Kaya,12,1467.6861276775612,0.20787606876743656,13951.071663257371
2024-07-04,Headphones,İstanbul,Ali Yılmaz,13,1238.879721137766,0.27452953634700894,11684.018394153343
2023-12-19,Laptop,Antalya,Mehmet Kaya,3,558.3821095590617,0.1554839162066133,1414.6880172753258
2023-04-27,Mouse,Ankara,Fatma Özkan,2,917.0239329321141,0.008124340101015315,1819.147437240406
2023-08-25,Phone,Antalya,Ayşe Demir,6,404.4390156343287,0.1512398525755315,2059.630311203998
2024-03-16,Mouse,Ankara,Ali Yılmaz,12,309.9043032602376,0.27832371992262217,2683.8070170818387
2024-01-30,Tablet,Antalya,Mehmet Kaya,14,1562.9606462159013,0.24238719843270567,16577.665914866808
2023-08-02,Monitor,İstanbul,Fatma Özkan,17,1676.933351711327,0.1732060203659003,23570.13279052348
2023-02-21,Laptop,Ankara,Can Arslan,7,1656.3054565040609,0.025580502483503218,11297.554314623632
2024-04-22,Keyboard,Ankara,Ayşe Demir,16,1998.1465213021077,0.06609821803127476,29857.16155005836
2023-01-16,Tablet,İzmir,Ayşe Demir,2,1079.9690604248945,0.14017829880225077,1857.1616695509351
2024-01-10,Monitor,Antalya,Can Arslan,13,146.15252486415812,0.07724376494774078,1753.2209966314192
2024-03-01,Phone,Antalya,Mehmet Kaya,6,804.0580774755509,0.24634272741610416,3635.905306015647
2024-07-18,Phone,Ankara,Mehmet Kaya,9,1868.0788761857361,0.2574620372931089,12484.075346088617
2023-06-28,Phone,Bursa,Mehmet Kaya,11,98.05658904082921,0.20900669636195907,853.1831583977155
2024-02-15,Laptop,Antalya,Ayşe Demir,4,1652.5866793681598,0.1938929800972144,5328.64689294603
2024-12-05,Phone,İzmir,Mehmet Kaya,7,1547.3589090857372,0.2255383762101769,8388.590653213325
2024-08-18,Keyboard,İzmir,Ayşe Demir,18,175.2652229213955,0.17780881999286333,2593.8273680632083
2024-08-03,Laptop,Ankara,Ayşe Demir,6,1860.6832891435652,0.19232583107464782,9016.954975153918
2023-03-17,Monitor,Antalya,Ali Yılmaz,15,1946.5080595169868,0.1080179705792178,26043.75313817806
2024-01-24,Tablet,Ankara,Can Arslan,13,1414.0918023502713,0.09207932189436976,16690.481445215126
2023-01-26,Headphones,İzmir,Ali Yılmaz,16,1215.4805542707452,0.26090876545549013,14373.616374732963
2024-06-08,Phone,İzmir,Can Arslan,2,1357.9917996139197,0.24637782611185363,2046.8254642946365
2024-11-28,Tablet,İzmir,Ali Yılmaz,11,736.2630529269647,0.13384477693715086,7014.8989772497835
2023-07-18,Tablet,Antalya,Mehmet Kaya,8,1695.271145785002,0.13141322277161513,11779.92080836533
2023-09-06,Headphones,İstanbul,Ayşe Demir,10,1185.7483999321769,0.055977029061950255,11193.737272890125
2023-03-25,Headphones,Antalya,Ali Yılmaz,8,293.49664996654917,0.15763353790865386,1977.8538773438738
2024-03-07,Tablet,Antalya,Ali Yılmaz,9,603.9138586288366,0.2984324863721718,3813.1770981925856
2024-08-24,Headphones,İzmir,Ali Yılmaz,11,1684.8792942797704,0.2146862150915357,14554.748292752234
2023-08-09,Headphones,Ankara,Ayşe Demir,4,603.4059889310208,0.2081589485627197,1911.2065308747658
2024-06-20,Laptop,Antalya,Mehmet Kaya,1,200.95252637026363,0.1538506087305426,170.03585786225815
2024-10-26,Tablet,Antalya,Mehmet Kaya,6,1178.5751289019986,0.18548550630411595,5759.799146401036
2024-07-31,Mouse,Ankara,Ayşe Demir,2,159.617115646763,0.22425619102395145,247.64397853918075
2023-04-13,Monitor,İstanbul,Ali Yılmaz,17,892.3792743537097,0.009903580770098175,15020.205910253962
2024-04-22,Laptop,İzmir,Mehmet Kaya,12,143.75398854857792,0.14507237571116025,1474.7910709425696
2024-06-19,Phone,Ankara,Mehmet Kaya,4,1827.9809691444543,0.04398436714795268,6990.313532232537
2023-08-31,Tablet,İstanbul,Ayşe Demir,11,1673.7528053813692,0.14802201012401855,15686.006057459139
2024-08-02,Keyboard,Antalya,Mehmet Kaya,13,1968.9744547347027,0.08767468702181637,23352.48806360452
2023-04-13,Laptop,Ankara,Ayşe Demir,7,542.0293513143032,0.2745869821137822,2752.3660326387235
2023-01-07,Laptop,Ankara,Ali Yılmaz,5,1897.2349988691305,0.06168644630980232,8901.006569871559
2024-03-30,Monitor,Bursa,Ayşe Demir,4,420.94446509926826,0.15626573481020375,1420.6610757849717
2023-07-07,Keyboard,Bursa,Ali Yılmaz,16,874.7399102960376,0.23867351287727592,10655.402608827666
2024-10-01,Keyboard,İzmir,Can Arslan,5,240.3395743125336,0.05005457346167329,1141.5473971717981
2023-10-19,Monitor,Antalya,Ayşe Demir,18,292.99937321879327,0.10976978958534227,4695.064086094725
2023-03-07,Headphones,Bursa,Fatma Özkan,7,84.45658735109606,0.030830472794934536,572.9692558269056
2024-08-24,Headphones,İstanbul,Fatma Özkan,19,1673.1625313187205,0.29748730288836844,22332.94052907394
2023-04-11,Mouse,Bursa,Mehmet Kaya,1,1971.9214312079607,0.20600358351723883,1565.6985499646785
2024-05-09,Keyboard,Bursa,Ayşe Demir,19,486.04460859569633,0.25712908188297473,6860.2996880329865
2024-08-16,Monitor,Bursa,Can Arslan,7,474.60997442634283,0.02349050114386725,3244.22803795433
